Contig,Organism,Size,dim1,dim2,dim3
2087795435_Aqui_GBSWBa_contig02328_1,Aqui,2000,-152.71487,198.21319,25.004952
2087795435_Aqui_GBSWBa_contig02328_1001,Aqui,2000,-232.2761,147.22785,-4.7544378
2087795435_Aqui_GBSWBa_contig02328_2001,Aqui,2000,-203.38871,98.04291,26.501083
2087795460_Aqui_GBSWBa_contig02329_1,Aqui,2000,-188.01657,130.2182,46.68083
2087795460_Aqui_GBSWBa_contig02329_1001,Aqui,2000,-182.42861,160.0382,35.121653
2087795460_Aqui_GBSWBa_contig02329_2001,Aqui,2000,-173.96981,145.27856,43.686601
2087795460_Aqui_GBSWBa_contig02329_3001,Aqui,2000,-161.1764,186.23346,26.601526
2087795460_Aqui_GBSWBa_contig02329_4001,Aqui,2000,-136.52184,151.40461,74.93745
2087795460_Aqui_GBSWBa_contig02329_5001,Aqui,2000,-119.02814,113.81237,60.089904
2087795460_Aqui_GBSWBa_contig02329_6001,Aqui,2000,-103.40666,164.62572,33.117693
2087795510_Aqui_GBSWBa_contig02331_1,Aqui,2000,-126.51163,141.61777,55.040503
2087795510_Aqui_GBSWBa_contig02331_10001,Aqui,2000,-84.48209,67.300261,95.25488
2087795510_Aqui_GBSWBa_contig02331_1001,Aqui,2000,-93.1693,108.91965,70.82341
2087795510_Aqui_GBSWBa_contig02331_11001,Aqui,2000,-159.73076,60.264127,78.87656
2087795510_Aqui_GBSWBa_contig02331_12001,Aqui,2000,-190.75602,64.309,45.950947
2087795510_Aqui_GBSWBa_contig02331_13001,Aqui,2000,-198.34143,52.268335,36.053962
2087795510_Aqui_GBSWBa_contig02331_14001,Aqui,2000,-162.63121,64.721139,88.85555
2087795510_Aqui_GBSWBa_contig02331_2001,Aqui,2000,-91.93961,101.26004,38.434543
2087795510_Aqui_GBSWBa_contig02331_3001,Aqui,2000,-93.33618,125.61143,50.341165
2087795510_Aqui_GBSWBa_contig02331_4001,Aqui,2000,-109.8629,166.4852,63.76076
2087795510_Aqui_GBSWBa_contig02331_5001,Aqui,2000,-146.20529,225.24516,23.491384
2087795510_Aqui_GBSWBa_contig02331_6001,Aqui,2000,-135.70158,211.48141,48.781404
2087795510_Aqui_GBSWBa_contig02331_7001,Aqui,2000,-142.08908,176.05882,67.044285
2087795510_Aqui_GBSWBa_contig02331_8001,Aqui,2000,-97.67786,139.69298,83.50398
2087795510_Aqui_GBSWBa_contig02331_9001,Aqui,2000,-24.951164,83.58406,105.63483
2087795585_Aqui_GBSWBa_contig02334_1,Aqui,2000,-114.14998,110.93684,45.018939
2087795585_Aqui_GBSWBa_contig02334_10001,Aqui,2000,-164.96011,92.90911,25.896444
2087795585_Aqui_GBSWBa_contig02334_1001,Aqui,2000,-112.74235,113.86515,71.09053
2087795585_Aqui_GBSWBa_contig02334_11001,Aqui,2000,-245.83678,105.88088,-1.9823496
2087795585_Aqui_GBSWBa_contig02334_12001,Aqui,2000,-245.44121,130.24865,12.718202
2087795585_Aqui_GBSWBa_contig02334_13001,Aqui,2000,-199.94758,106.01115,57.199765
2087795585_Aqui_GBSWBa_contig02334_14001,Aqui,2000,-162.78073,52.192679,74.21589
2087795585_Aqui_GBSWBa_contig02334_15001,Aqui,2000,-132.42117,60.105395,64.512294
2087795585_Aqui_GBSWBa_contig02334_2001,Aqui,2000,-155.4497,135.36565,50.125061
2087795585_Aqui_GBSWBa_contig02334_3001,Aqui,2000,-195.54059,131.04574,67.501896
2087795585_Aqui_GBSWBa_contig02334_4001,Aqui,2000,-163.50712,46.974214,83.4589
2087795585_Aqui_GBSWBa_contig02334_5001,Aqui,2000,-168.01323,-1.7770599,61.783785
2087795585_Aqui_GBSWBa_contig02334_6001,Aqui,2000,-186.40216,91.22701,13.44749
2087795585_Aqui_GBSWBa_contig02334_7001,Aqui,2000,-173.97261,161.60053,17.284687
2087795585_Aqui_GBSWBa_contig02334_8001,Aqui,2000,-165.17774,167.21369,39.248825
2087795585_Aqui_GBSWBa_contig02334_9001,Aqui,2000,-135.46827,140.02513,35.775082
2087795610_Aqui_GBSWBa_contig02335_1,Aqui,2000,-134.58298,133.7966,30.09216
2087795610_Aqui_GBSWBa_contig02335_1001,Aqui,2000,-243.19358,129.54515,-24.488037
2087795610_Aqui_GBSWBa_contig02335_2001,Aqui,2000,-213.74409,127.27344,2.662002
2087795610_Aqui_GBSWBa_contig02335_3001,Aqui,2000,-95.928,97.41032,60.439757
2087795610_Aqui_GBSWBa_contig02335_4001,Aqui,2000,-91.00168,64.097978,78.65123
2087795610_Aqui_GBSWBa_contig02335_5001,Aqui,2000,-109.99842,56.244223,66.331944
2087795635_Aqui_GBSWBa_contig02336_1,Aqui,2000,-94.02575,103.94671,51.315411
2087795635_Aqui_GBSWBa_contig02336_10001,Aqui,2000,-67.936932,112.78988,126.51443
2087795635_Aqui_GBSWBa_contig02336_1001,Aqui,2000,-108.62684,91.11074,40.623331
2087795635_Aqui_GBSWBa_contig02336_2001,Aqui,2000,-146.38113,138.4943,6.4562897
2087795635_Aqui_GBSWBa_contig02336_3001,Aqui,2000,-190.98737,116.20049,52.64091
2087795635_Aqui_GBSWBa_contig02336_4001,Aqui,2000,-132.55907,114.55465,107.54688
2087795635_Aqui_GBSWBa_contig02336_5001,Aqui,2000,-82.7638,140.37408,108.05578
2087795635_Aqui_GBSWBa_contig02336_6001,Aqui,2000,-79.89856,124.72936,95.52683
2087795635_Aqui_GBSWBa_contig02336_7001,Aqui,2000,-117.54421,117.00752,80.32101
2087795635_Aqui_GBSWBa_contig02336_8001,Aqui,2000,-129.18829,141.7388,86.03014
2087795635_Aqui_GBSWBa_contig02336_9001,Aqui,2000,-116.34343,163.27423,91.74613
2087795660_Aqui_GBSWBa_contig02337_1,Aqui,2000,-88.10718,133.63546,70.63203
2087795660_Aqui_GBSWBa_contig02337_1001,Aqui,2000,-153.09119,126.98966,39.62077
2087795660_Aqui_GBSWBa_contig02337_2001,Aqui,2000,-160.34347,117.4264,4.6777325
2087795660_Aqui_GBSWBa_contig02337_3001,Aqui,2000,-127.02851,146.64748,56.193067
2087795660_Aqui_GBSWBa_contig02337_4001,Aqui,2000,-173.83401,144.92597,49.553
2087795660_Aqui_GBSWBa_contig02337_5001,Aqui,2000,-147.93009,127.89679,-11.616493
2087795660_Aqui_GBSWBa_contig02337_6001,Aqui,2000,-55.991033,84.01372,60.451328
2087795660_Aqui_GBSWBa_contig02337_7001,Aqui,2000,-137.30899,121.97591,47.52195
2087795660_Aqui_GBSWBa_contig02337_8001,Aqui,2000,-261.12135,78.1823,-30.416379
2087795660_Aqui_GBSWBa_contig02337_9001,Aqui,2000,-269.59037,73.61669,-29.698956
2087795735_Aqui_GBSWBa_contig02339_1,Aqui,2000,-104.2783,140.50036,80.23372
2087795735_Aqui_GBSWBa_contig02339_1001,Aqui,2000,-98.59129,111.66358,71.88538
2087795735_Aqui_GBSWBa_contig02339_2001,Aqui,2000,-110.75414,134.54049,75.99508
2087795735_Aqui_GBSWBa_contig02339_3001,Aqui,2000,-191.78012,136.38016,29.890588
2087795735_Aqui_GBSWBa_contig02339_4001,Aqui,2000,-243.41023,116.8251,7.288785
2087795735_Aqui_GBSWBa_contig02339_5001,Aqui,2000,-188.3868,157.80506,31.583741
2087795735_Aqui_GBSWBa_contig02339_6001,Aqui,2000,-149.8616,146.54829,32.363478
2087795760_Aqui_GBSWBa_contig02340_1,Aqui,2000,-215.32784,149.39687,69.883646
2087795760_Aqui_GBSWBa_contig02340_10001,Aqui,2000,-164.49027,102.45788,40.543307
2087795760_Aqui_GBSWBa_contig02340_1001,Aqui,2000,-149.69808,138.11301,66.342038
2087795760_Aqui_GBSWBa_contig02340_11001,Aqui,2000,-147.80003,139.48865,92.11181
2087795760_Aqui_GBSWBa_contig02340_12001,Aqui,2000,-176.10173,148.36948,85.36472
2087795760_Aqui_GBSWBa_contig02340_13001,Aqui,2000,-201.55002,131.60791,34.918583
2087795760_Aqui_GBSWBa_contig02340_14001,Aqui,2000,-207.07512,139.04408,-17.834712
2087795760_Aqui_GBSWBa_contig02340_15001,Aqui,2000,-135.03539,107.17637,9.032359
2087795760_Aqui_GBSWBa_contig02340_16001,Aqui,2000,-92.55967,115.39325,41.323548
2087795760_Aqui_GBSWBa_contig02340_2001,Aqui,2000,-150.16001,144.87725,19.489029
2087795760_Aqui_GBSWBa_contig02340_3001,Aqui,2000,-150.67346,101.53255,28.323379
2087795760_Aqui_GBSWBa_contig02340_4001,Aqui,2000,-142.01306,94.16267,45.145079
2087795760_Aqui_GBSWBa_contig02340_5001,Aqui,2000,-189.19124,139.49278,36.843828
2087795760_Aqui_GBSWBa_contig02340_6001,Aqui,2000,-136.88178,111.58686,55.989472
2087795760_Aqui_GBSWBa_contig02340_7001,Aqui,2000,-152.28766,84.05082,54.682992
2087795760_Aqui_GBSWBa_contig02340_8001,Aqui,2000,-233.6761,120.49051,45.399648
2087795760_Aqui_GBSWBa_contig02340_9001,Aqui,2000,-224.97895,129.55628,24.773798
2087795785_Aqui_GBSWBa_contig02341_1,Aqui,2000,-144.4541,158.74012,43.503964
2087795785_Aqui_GBSWBa_contig02341_1001,Aqui,2000,-109.91904,145.236,62.483078
2087795785_Aqui_GBSWBa_contig02341_2001,Aqui,2000,-91.87941,72.20451,60.484571
2087795785_Aqui_GBSWBa_contig02341_3001,Aqui,2000,-193.87669,98.54089,-4.2493486
2087795785_Aqui_GBSWBa_contig02341_4001,Aqui,2000,-260.35877,100.37818,1.0584553
2087795785_Aqui_GBSWBa_contig02341_5001,Aqui,2000,-204.71941,82.82204,12.834234
2087795785_Aqui_GBSWBa_contig02341_6001,Aqui,2000,-199.21573,35.634599,-6.5606331
2087795985_Aqui_GBSWBa_contig02348_1,Aqui,2000,-161.6251,127.70485,43.569687
2087795985_Aqui_GBSWBa_contig02348_10001,Aqui,2000,-146.24204,141.07674,49.915628
2087795985_Aqui_GBSWBa_contig02348_1001,Aqui,2000,-150.0079,73.45058,100.11071
2087795985_Aqui_GBSWBa_contig02348_2001,Aqui,2000,-152.97268,129.84944,63.79751
2087795985_Aqui_GBSWBa_contig02348_3001,Aqui,2000,-112.93338,174.25457,52.763025
2087795985_Aqui_GBSWBa_contig02348_4001,Aqui,2000,-136.5987,196.38255,17.600261
2087795985_Aqui_GBSWBa_contig02348_5001,Aqui,2000,-172.38634,242.23689,32.63211
2087795985_Aqui_GBSWBa_contig02348_6001,Aqui,2000,-219.77431,197.32104,40.435528
2087795985_Aqui_GBSWBa_contig02348_7001,Aqui,2000,-209.75395,91.76888,28.317219
2087795985_Aqui_GBSWBa_contig02348_8001,Aqui,2000,-204.71276,148.93977,13.291509
2087795985_Aqui_GBSWBa_contig02348_9001,Aqui,2000,-202.71006,164.18983,36.02158
2087796085_Aqui_GBSWBa_contig02352_1,Aqui,2000,-156.58545,68.327175,38.104115
2087796085_Aqui_GBSWBa_contig02352_10001,Aqui,2000,-96.58054,101.08714,24.414859
2087796085_Aqui_GBSWBa_contig02352_1001,Aqui,2000,-130.09185,86.43915,71.62498
2087796085_Aqui_GBSWBa_contig02352_11001,Aqui,2000,-151.54475,119.21973,-9.377949
2087796085_Aqui_GBSWBa_contig02352_12001,Aqui,2000,-182.73227,149.16895,25.290867
2087796085_Aqui_GBSWBa_contig02352_13001,Aqui,2000,-147.54201,185.90677,49.12152
2087796085_Aqui_GBSWBa_contig02352_14001,Aqui,2000,-163.07221,166.17272,77.1939
2087796085_Aqui_GBSWBa_contig02352_15001,Aqui,2000,-143.27719,113.54441,74.42169
2087796085_Aqui_GBSWBa_contig02352_16001,Aqui,2000,-141.26602,109.51262,44.740906
2087796085_Aqui_GBSWBa_contig02352_17001,Aqui,2000,-169.0451,129.35496,47.852385
2087796085_Aqui_GBSWBa_contig02352_18001,Aqui,2000,-126.69531,144.65549,51.499469
2087796085_Aqui_GBSWBa_contig02352_19001,Aqui,2000,-96.78606,123.83259,80.34509
2087796085_Aqui_GBSWBa_contig02352_20001,Aqui,2000,-195.11387,221.07288,7.978243
2087796085_Aqui_GBSWBa_contig02352_2001,Aqui,2000,-174.04989,152.12659,73.25094
2087796085_Aqui_GBSWBa_contig02352_21001,Aqui,2000,-251.77299,297.28363,-46.243323
2087796085_Aqui_GBSWBa_contig02352_22001,Aqui,2000,-159.80979,195.44504,62.85748
2087796085_Aqui_GBSWBa_contig02352_23001,Aqui,2000,-124.0428,184.36901,119.97664
2087796085_Aqui_GBSWBa_contig02352_24001,Aqui,2000,-141.56695,226.03119,120.4154
2087796085_Aqui_GBSWBa_contig02352_25001,Aqui,2000,-159.07864,130.04593,91.27118
2087796085_Aqui_GBSWBa_contig02352_26001,Aqui,2000,-169.67783,33.974101,57.22234
2087796085_Aqui_GBSWBa_contig02352_27001,Aqui,2000,-167.65007,113.87782,69.277866
2087796085_Aqui_GBSWBa_contig02352_28001,Aqui,2000,-136.89627,189.21336,48.081642
2087796085_Aqui_GBSWBa_contig02352_29001,Aqui,2000,-77.52318,156.63368,58.270009
2087796085_Aqui_GBSWBa_contig02352_30001,Aqui,2000,-78.34155,167.23259,93.31259
2087796085_Aqui_GBSWBa_contig02352_3001,Aqui,2000,-185.19186,96.36081,85.75315
2087796085_Aqui_GBSWBa_contig02352_31001,Aqui,2000,-153.00369,210.45514,82.8443
2087796085_Aqui_GBSWBa_contig02352_4001,Aqui,2000,-176.21877,81.52207,82.11574
2087796085_Aqui_GBSWBa_contig02352_5001,Aqui,2000,-165.94921,130.60355,86.28452
2087796085_Aqui_GBSWBa_contig02352_6001,Aqui,2000,-163.81729,92.58088,26.13709
2087796085_Aqui_GBSWBa_contig02352_7001,Aqui,2000,-242.0614,122.02386,-34.7403
2087796085_Aqui_GBSWBa_contig02352_8001,Aqui,2000,-224.78085,190.48477,47.39
2087796085_Aqui_GBSWBa_contig02352_9001,Aqui,2000,-134.16102,166.16789,86.5711
2087798082_Aqui_GBSWBa_contig00714_1,Aqui,2000,-189.18802,130.67439,52.66562
2087798082_Aqui_GBSWBa_contig00714_1001,Aqui,2000,-104.32492,163.67617,83.97347
2087798082_Aqui_GBSWBa_contig00714_2001,Aqui,2000,-58.07228,119.33068,85.96504
2087798082_Aqui_GBSWBa_contig00714_3001,Aqui,2000,-70.84147,118.70901,69.37602
2087798082_Aqui_GBSWBa_contig00714_4001,Aqui,2000,-111.60954,120.63639,93.36523
2087798082_Aqui_GBSWBa_contig00714_5001,Aqui,2000,-171.05186,123.24606,28.645722
2087798082_Aqui_GBSWBa_contig00714_6001,Aqui,2000,-162.44585,142.95932,-10.553466
2087798107_Aqui_GBSWBa_contig00715_1,Aqui,2000,-106.5246,120.17145,49.241794
2087798107_Aqui_GBSWBa_contig00715_10001,Aqui,2000,-129.73835,121.76983,81.81642
2087798107_Aqui_GBSWBa_contig00715_1001,Aqui,2000,-141.81804,143.17205,39.483815
2087798107_Aqui_GBSWBa_contig00715_11001,Aqui,2000,-201.13373,76.36314,54.048043
2087798107_Aqui_GBSWBa_contig00715_12001,Aqui,2000,-187.94909,92.59397,88.0194
2087798107_Aqui_GBSWBa_contig00715_13001,Aqui,2000,-165.50023,119.84805,79.42081
2087798107_Aqui_GBSWBa_contig00715_14001,Aqui,2000,-194.30936,131.86782,-1.9167904
2087798107_Aqui_GBSWBa_contig00715_15001,Aqui,2000,-226.5144,140.97223,-0.83027
2087798107_Aqui_GBSWBa_contig00715_16001,Aqui,2000,-196.42119,155.40441,42.996044
2087798107_Aqui_GBSWBa_contig00715_17001,Aqui,2000,-219.36908,152.4138,8.749223
2087798107_Aqui_GBSWBa_contig00715_18001,Aqui,2000,-242.03648,126.88515,13.745585
2087798107_Aqui_GBSWBa_contig00715_19001,Aqui,2000,-167.31778,90.07152,64.701721
2087798107_Aqui_GBSWBa_contig00715_20001,Aqui,2000,-148.98814,103.38104,33.677427
2087798107_Aqui_GBSWBa_contig00715_2001,Aqui,2000,-157.49678,169.19784,43.170358
2087798107_Aqui_GBSWBa_contig00715_21001,Aqui,2000,-132.25548,157.87464,8.245048
2087798107_Aqui_GBSWBa_contig00715_22001,Aqui,2000,-159.23222,174.99083,-23.623369
2087798107_Aqui_GBSWBa_contig00715_23001,Aqui,2000,-192.42153,153.07852,3.2482891
2087798107_Aqui_GBSWBa_contig00715_24001,Aqui,2000,-121.43803,162.91513,79.17112
2087798107_Aqui_GBSWBa_contig00715_25001,Aqui,2000,-99.05007,137.98897,50.692985
2087798107_Aqui_GBSWBa_contig00715_26001,Aqui,2000,-175.11949,119.10794,-26.797785
2087798107_Aqui_GBSWBa_contig00715_27001,Aqui,2000,-299.09537,151.66571,-77.58548
2087798107_Aqui_GBSWBa_contig00715_28001,Aqui,2000,-281.14002,131.8933,-55.809586
2087798107_Aqui_GBSWBa_contig00715_29001,Aqui,2000,-157.33858,118.78916,31.10772
2087798107_Aqui_GBSWBa_contig00715_30001,Aqui,2000,-141.37522,148.34022,73.37134
2087798107_Aqui_GBSWBa_contig00715_3001,Aqui,2000,-147.33922,158.48434,67.926936
2087798107_Aqui_GBSWBa_contig00715_31001,Aqui,2000,-153.27466,166.94601,59.584889
2087798107_Aqui_GBSWBa_contig00715_32001,Aqui,2000,-123.00015,162.73082,55.763463
2087798107_Aqui_GBSWBa_contig00715_33001,Aqui,2000,-181.96234,190.85766,39.511598
2087798107_Aqui_GBSWBa_contig00715_34001,Aqui,2000,-209.09504,190.96693,33.780754
2087798107_Aqui_GBSWBa_contig00715_35001,Aqui,2000,-250.36375,154.92862,4.1513325
2087798107_Aqui_GBSWBa_contig00715_4001,Aqui,2000,-147.79583,157.19354,66.261251
2087798107_Aqui_GBSWBa_contig00715_5001,Aqui,2000,-115.04535,174.04191,73.09883
2087798107_Aqui_GBSWBa_contig00715_6001,Aqui,2000,-112.91728,183.87516,122.69642
2087798107_Aqui_GBSWBa_contig00715_7001,Aqui,2000,-127.19854,197.79466,88.4023
2087798107_Aqui_GBSWBa_contig00715_8001,Aqui,2000,-136.35279,190.26371,37.18547
2087798107_Aqui_GBSWBa_contig00715_9001,Aqui,2000,-146.07523,189.57253,58.198469
2087804109_Aqui_GBSWBa_contig02078_1,Aqui,2000,-121.22215,115.19207,55.598872
2087804109_Aqui_GBSWBa_contig02078_1001,Aqui,2000,-146.34165,107.56592,57.480822
2087804109_Aqui_GBSWBa_contig02078_2001,Aqui,2000,-154.01085,161.09527,79.57992
2087804109_Aqui_GBSWBa_contig02078_3001,Aqui,2000,-149.5326,168.52234,60.145015
2087804109_Aqui_GBSWBa_contig02078_4001,Aqui,2000,-136.38744,174.52442,47.721471
2087804109_Aqui_GBSWBa_contig02078_5001,Aqui,2000,-125.02371,188.12787,66.208975
2087804259_Aqui_GBSWBa_contig02084_1,Aqui,2000,-88.87487,112.09646,49.473641
2087804259_Aqui_GBSWBa_contig02084_1001,Aqui,2000,-59.7709,126.55384,95.16325
2087804259_Aqui_GBSWBa_contig02084_2001,Aqui,2000,-128.93468,153.04569,94.38807
2087804259_Aqui_GBSWBa_contig02084_3001,Aqui,2000,-172.35351,160.09245,63.932568
2087804334_Aqui_GBSWBa_contig02086_1,Aqui,2000,-240.26282,127.74384,9.872149
2087804334_Aqui_GBSWBa_contig02086_10001,Aqui,2000,-96.55065,142.67869,52.964989
2087804334_Aqui_GBSWBa_contig02086_1001,Aqui,2000,-233.058,192.71,-3.8836287
2087804334_Aqui_GBSWBa_contig02086_11001,Aqui,2000,-66.733296,84.17717,34.22538
2087798383_Cren_contig01270_1001,Cren,2000,202.54066,23.919924,-2.2919456
2087798383_Cren_contig01270_2001,Cren,2000,239.87432,6.7355813,-22.610021
2087798383_Cren_contig01270_3001,Cren,2000,248.72421,-5.3574192,-25.742423
2087798408_Cren_contig01271_1,Cren,2000,299.62037,-41.817111,21.92953
2087798408_Cren_contig01271_1001,Cren,2000,272.50524,-20.498695,42.783524
2087798408_Cren_contig01271_2001,Cren,2000,210.81718,-7.391671,29.973573
2087798408_Cren_contig01271_3001,Cren,2000,235.22716,-12.47183,-35.468076
2087798408_Cren_contig01271_4001,Cren,2000,249.62903,-54.055106,5.046832
2087798408_Cren_contig01271_5001,Cren,2000,278.06856,-56.830361,30.193212
2087798408_Cren_contig01271_6001,Cren,2000,266.39403,-27.022016,-47.159532
2087798408_Cren_contig01271_7001,Cren,2000,230.96227,-29.495011,-45.517871
2087798408_Cren_contig01271_8001,Cren,2000,194.68946,-26.839484,-25.612419
2087798483_Cren_contig01273_1,Cren,2000,152.73573,10.078355,-11.91785
2087798508_Cren_contig01274_1,Cren,2000,219.65265,-60.902464,-49.550263
2087798508_Cren_contig01274_1001,Cren,2000,228.57338,-65.822169,-56.912933
2087798508_Cren_contig01274_2001,Cren,2000,249.85674,-28.511105,-41.589401
2087798508_Cren_contig01274_3001,Cren,2000,243.91367,-38.991736,11.021815
2087798508_Cren_contig01274_4001,Cren,2000,155.1998,-77.20286,20.174854
2087798508_Cren_contig01274_5001,Cren,2000,111.45393,-41.88926,20.460482
2087798508_Cren_contig01274_6001,Cren,2000,41.830278,-24.104878,-15.982498
2087798508_Cren_contig01274_7001,Cren,2000,73.45996,-13.824783,-57.024296
2087798508_Cren_contig01274_8001,Cren,2000,125.82164,-23.160725,-28.418957
2087798508_Cren_contig01274_9001,Cren,2000,153.47227,-69.320272,19.896282
2087798533_Cren_contig01275_1,Cren,2000,242.26636,-60.793873,26.875457
2087798533_Cren_contig01275_10001,Cren,2000,146.80862,-22.364783,-3.0934211
2087798533_Cren_contig01275_1001,Cren,2000,190.79018,-92.58949,1.8968831
2087798533_Cren_contig01275_2001,Cren,2000,168.53354,-66.915842,16.146879
2087798533_Cren_contig01275_3001,Cren,2000,206.73338,-39.342835,14.610169
2087798533_Cren_contig01275_4001,Cren,2000,172.06105,-45.892056,7.993825
2087798533_Cren_contig01275_5001,Cren,2000,150.90355,-43.137717,34.848177
2087798533_Cren_contig01275_6001,Cren,2000,161.81144,-38.647329,33.299147
2087798533_Cren_contig01275_7001,Cren,2000,175.52815,-23.476313,25.640552
2087798533_Cren_contig01275_8001,Cren,2000,206.1101,-21.75131,23.953202
2087798533_Cren_contig01275_9001,Cren,2000,124.75743,-38.997875,4.27014
2087798558_Cren_contig01276_1,Cren,2000,197.63394,-32.333567,2.4804829
2087798558_Cren_contig01276_1001,Cren,2000,188.18835,-32.807348,70.47026
2087798558_Cren_contig01276_2001,Cren,2000,159.58999,-48.839196,54.029206
2087798558_Cren_contig01276_3001,Cren,2000,171.36728,-31.703091,32.389931
2087798558_Cren_contig01276_4001,Cren,2000,175.84861,-2.1412265,88.67537
2087798583_Cren_contig01277_1,Cren,2000,232.60279,12.669405,45.263344
2087798583_Cren_contig01277_1001,Cren,2000,164.17408,13.792765,12.502336
2087798583_Cren_contig01277_2001,Cren,2000,139.75185,-26.454085,-58.687209
2087798583_Cren_contig01277_3001,Cren,2000,144.80543,-81.09738,-33.246885
2087798583_Cren_contig01277_4001,Cren,2000,118.8894,-84.89334,-28.775173
2087798583_Cren_contig01277_5001,Cren,2000,122.35699,-30.888172,-67.417119
2087798583_Cren_contig01277_6001,Cren,2000,163.9022,-19.05113,-62.090189
2087798583_Cren_contig01277_7001,Cren,2000,218.3237,-39.766853,-46.921665
2087798608_Cren_contig01278_1,Cren,2000,138.30243,-61.662349,7.331912
2087798608_Cren_contig01278_1001,Cren,2000,70.96061,-56.85491,-15.552943
2087798608_Cren_contig01278_2001,Cren,2000,139.44385,-9.534637,35.836381
2087798608_Cren_contig01278_3001,Cren,2000,188.12045,2.9979509,59.426444
2087798608_Cren_contig01278_4001,Cren,2000,181.53905,-11.239543,59.227364
2087798608_Cren_contig01278_5001,Cren,2000,162.89252,6.2100682,16.876531
2087798608_Cren_contig01278_6001,Cren,2000,203.16226,53.485453,2.7671448
2087798608_Cren_contig01278_7001,Cren,2000,280.6069,26.283719,-28.929551
2087798782_Cren_contig00738_1,Cren,2000,294.88536,-74.37591,-24.538304
2087798981_Cren_contig00241_1,Cren,2000,246.12196,-20.912248,-4.302529
2087798981_Cren_contig00241_1001,Cren,2000,262.14888,-43.70541,-20.481993
2087800306_Cren_contig00289_1,Cren,2000,268.60218,-46.130406,-44.558633
2087800432_Cren_contig00798_1,Cren,2000,325.04668,-19.63843,-37.018814
2087800432_Cren_contig00798_1001,Cren,2000,285.96043,-55.657952,-68.802244
2087800432_Cren_contig00798_2001,Cren,2000,303.56487,-66.427452,-49.564676
2087800532_Cren_contig00802_1,Cren,2000,230.41676,-13.363994,-14.535626
2087800532_Cren_contig00802_1001,Cren,2000,338.55157,-28.921655,-11.87886
2087800582_Cren_contig00804_1,Cren,2000,296.62752,-27.705657,-9.796745
2087800582_Cren_contig00804_1001,Cren,2000,330.81517,-34.217386,-8.693384
2087800582_Cren_contig00804_2001,Cren,2000,264.22613,-37.521022,-6.7486139
2087800582_Cren_contig00804_3001,Cren,2000,306.8625,-33.350653,-31.572219
2087800582_Cren_contig00804_4001,Cren,2000,314.80498,-20.328028,-36.419684
2087800607_Cren_contig00805_1,Cren,2000,314.48977,-63.945343,-12.827983
2087800607_Cren_contig00805_1001,Cren,2000,291.90252,-36.290471,-8.69743
2087800607_Cren_contig00805_2001,Cren,2000,266.89425,-26.621035,-6.2099317
2087800607_Cren_contig00805_3001,Cren,2000,271.67644,-22.302035,-26.550636
2087800607_Cren_contig00805_4001,Cren,2000,283.38135,-46.15576,-51.056901
2087800607_Cren_contig00805_5001,Cren,2000,324.59455,-42.00924,-55.351919
2087800608_Cren_contig01354_1,Cren,2000,267.71444,32.253718,15.717002
2087800631_Cren_contig00301_1,Cren,2000,271.42472,13.252533,-25.381405
2087801082_Cren_contig00823_1,Cren,2000,391.1768,-78.46209,-47.319937
2087801082_Cren_contig00823_1001,Cren,2000,361.17375,-51.223396,-77.16877
2087801157_Cren_contig00826_1,Cren,2000,175.56819,-19.798912,44.147131
2087801206_Cren_contig00321_1,Cren,2000,180.60154,-53.583537,-12.825302
2087801281_Cren_contig00323_1,Cren,2000,249.87039,-52.97922,-58.601221
2087801432_Cren_contig00836_1,Cren,2000,379.73733,-66.862866,-77.29176
2087801506_Cren_contig00040_1,Cren,2000,219.32232,-16.275035,-27.966638
2087801557_Cren_contig00840_1,Cren,2000,318.43336,-25.2574,27.315351
2087802056_Cren_contig00042_1,Cren,2000,370.43734,-20.931638,-14.390908
2087802081_Cren_contig00352_1,Cren,2000,241.92014,-13.454259,18.974319
2087802283_Cren_contig01419_1,Cren,2000,165.71478,-54.065319,-45.282811
2087802331_Cren_contig00043_1,Cren,2000,342.84558,-26.408193,-47.194
2087802607_Cren_contig00551_1,Cren,2000,288.26882,-4.8071464,-25.588374
2087802707_Cren_contig00884_1,Cren,2000,255.67206,-41.928719,15.879584
2087802732_Cren_contig00885_1,Cren,2000,243.55674,-19.448814,33.326895
2087802732_Cren_contig00885_1001,Cren,2000,344.53965,-19.74959,-9.931684
2087802732_Cren_contig00885_2001,Cren,2000,287.34258,-22.084923,24.523499
2087802732_Cren_contig00885_3001,Cren,2000,261.66217,-21.193893,32.606455
2087802732_Cren_contig00885_4001,Cren,2000,318.21734,-31.159604,16.810171
2087802782_Cren_contig00887_1,Cren,2000,192.98881,-26.663819,-36.853551
2087802782_Cren_contig00887_1001,Cren,2000,218.883,-51.528631,-17.338895
2087802807_Cren_contig00888_1,Cren,2000,255.71966,-19.905179,-23.242632
2087802807_Cren_contig00888_1001,Cren,2000,197.00625,-7.232918,-12.473944
2087802807_Cren_contig00888_2001,Cren,2000,215.37103,-33.918472,15.168335
2087802807_Cren_contig00888_3001,Cren,2000,273.05887,-27.993245,36.963815
2087802807_Cren_contig00888_4001,Cren,2000,317.48724,-8.097341,65.968112
2087802807_Cren_contig00888_5001,Cren,2000,320.28976,-26.402068,61.734379
2087802907_Cren_contig00891_1,Cren,2000,288.43528,-18.096288,1.2310207
2087802907_Cren_contig00891_1001,Cren,2000,247.84452,-29.882293,-1.6845325
2087802907_Cren_contig00891_2001,Cren,2000,189.4865,-28.855533,48.157249
2087802982_Cren_contig00894_1,Cren,2000,253.05567,-4.9662319,12.42136
2087802982_Cren_contig00894_1001,Cren,2000,211.81867,-33.146106,7.63525
2087802982_Cren_contig00894_2001,Cren,2000,198.53099,-29.491602,24.722439
2087802982_Cren_contig00894_3001,Cren,2000,225.40826,-28.090811,24.975895
2087802982_Cren_contig00894_4001,Cren,2000,258.10099,-23.342452,-4.4883482
2087803032_Cren_contig00896_1,Cren,2000,193.61377,19.153323,26.188239
2087803032_Cren_contig00896_1001,Cren,2000,257.77976,-13.852132,34.979504
2087803082_Cren_contig00898_1,Cren,2000,94.21237,-44.91627,-45.725232
2087803082_Cren_contig00898_1001,Cren,2000,104.3973,-77.1659,4.1418811
2087803082_Cren_contig00898_2001,Cren,2000,159.21738,-72.87231,44.715636
2087803082_Cren_contig00898_3001,Cren,2000,212.06976,-34.1432,-45.230367
2087803107_Cren_contig00899_1,Cren,2000,256.61923,-27.034917,5.3039049
2087803107_Cren_contig00899_1001,Cren,2000,293.39709,-42.203931,22.121652
2087803107_Cren_contig00899_2001,Cren,2000,279.69543,-35.843164,33.832498
2087803107_Cren_contig00899_3001,Cren,2000,272.27333,-43.606178,48.206382
2087803107_Cren_contig00899_4001,Cren,2000,269.22896,-39.075624,51.018212
2087803132_Cren_contig00900_1,Cren,2000,221.81068,-7.244888,16.594144
2087803132_Cren_contig00900_1001,Cren,2000,283.31163,-10.509639,-32.241944
2087803132_Cren_contig00900_2001,Cren,2000,261.57943,-5.1870091,-38.367903
2087803132_Cren_contig00900_3001,Cren,2000,190.04664,-1.8199734,-10.428264
2087803157_Cren_contig00553_1,Cren,2000,168.06601,-29.014412,11.652361
2087803182_Cren_contig00901_1,Cren,2000,208.34149,44.489312,53.314786
2087803182_Cren_contig00901_1001,Cren,2000,30.490502,5.8382156,-6.7126892
2087803182_Cren_contig00901_2001,Cren,2000,-4.0526864,-35.074907,-27.846553
2087803182_Cren_contig00901_3001,Cren,2000,67.03669,-44.824829,27.546974
2087803257_Cren_contig00904_1,Cren,2000,320.7988,-5.9342346,-28.64407
2087803257_Cren_contig00904_1001,Cren,2000,326.86024,-17.824044,-7.848862
2087803257_Cren_contig00904_2001,Cren,2000,356.91551,-8.540175,-17.59555
2087803282_Cren_contig00905_1,Cren,2000,199.54032,-33.656889,21.347592
2087803282_Cren_contig00905_1001,Cren,2000,304.88045,-18.986114,18.684582
2087803282_Cren_contig00905_2001,Cren,2000,318.81612,-44.143316,-16.612659
2087803557_Cren_contig00915_1,Cren,2000,237.51364,22.540119,39.938059
2087803557_Cren_contig00915_1001,Cren,2000,287.26355,-8.359785,-22.861958
2087803557_Cren_contig00915_2001,Cren,2000,315.83524,-40.040021,-38.801938
2087803557_Cren_contig00915_3001,Cren,2000,308.30597,-44.32827,-6.8613909
2087803557_Cren_contig00915_4001,Cren,2000,287.38619,-26.953717,-8.461537
2087803582_Cren_contig00916_1,Cren,2000,250.79635,-16.802919,3.0151296
2087803582_Cren_contig00916_1001,Cren,2000,228.4835,22.927625,20.42061
2087803582_Cren_contig00916_2001,Cren,2000,164.64007,-19.93544,-13.732474
2087803582_Cren_contig00916_3001,Cren,2000,225.90365,-70.36505,-21.43302
2087803582_Cren_contig00916_4001,Cren,2000,276.44988,-33.863403,7.296709
2087803582_Cren_contig00916_5001,Cren,2000,209.75213,-7.794339,18.867093
2087803582_Cren_contig00916_6001,Cren,2000,169.16781,-28.914284,-23.100896
2087803682_Cren_contig00920_1,Cren,2000,271.96904,-15.005606,4.473476
2087803682_Cren_contig00920_1001,Cren,2000,255.87331,-19.612278,25.118947
2087803682_Cren_contig00920_2001,Cren,2000,341.91073,-34.796524,7.828394
2087803757_Cren_contig00921_1,Cren,2000,369.03132,-46.357465,-8.885534
2087803757_Cren_contig00921_1001,Cren,2000,358.65928,-53.136937,-22.529101
2087803757_Cren_contig00921_2001,Cren,2000,345.96016,-20.129648,-55.028456
2087803906_Cren_contig00421_1,Cren,2000,309.39895,-15.353219,-64.68245
2087804284_Cren_contig01627_1,Cren,2000,207.17284,-25.208631,-40.731572
2087804806_Cren_contig00454_1,Cren,2000,309.35933,-23.440851,-44.05471
2087804806_Cren_contig00454_1001,Cren,2000,275.27612,-19.211248,-77.462
2087805106_Cren_contig00053_1,Cren,2000,369.25833,-10.662694,45.197936
2087805556_Cren_contig00481_1,Cren,2000,224.30303,-49.429464,31.920287
2087805581_Cren_contig00482_1,Cren,2000,279.28257,-1.8195548,-32.877383
2087805583_Cren_contig01544_1,Cren,2000,145.8485,-1.6134272,29.357755
2087805583_Cren_contig01544_1001,Cren,2000,236.72936,-18.751124,-37.746912
2087805756_Cren_contig00488_1,Cren,2000,137.8384,-11.819409,-70.96544
2087805906_Cren_contig00494_1,Cren,2000,238.8043,2.9390578,-27.845874
2087805906_Cren_contig00494_1001,Cren,2000,293.31925,-9.258067,-6.1606622
2087806375_Cren_contig01034_1,Cren,2000,188.84915,1.8009887,-51.84172
2087806446_Cren_contig00514_1,Cren,2000,310.79328,-75.12435,-30.414986
2087806446_Cren_contig00514_1001,Cren,2000,207.10326,-62.623659,-4.4876216
2087806446_Cren_contig00514_2001,Cren,2000,180.15151,-36.185002,-24.568103
2087806647_Cren_contig01105_1,Cren,2000,245.69916,-49.525203,38.931921
2087806647_Cren_contig01105_1001,Cren,2000,238.29309,-28.612325,-27.547702
2087806647_Cren_contig01105_2001,Cren,2000,291.9336,-38.593604,-108.12984
2087806970_Cren_contig00077_1,Cren,2000,391.64223,-28.893613,-41.323569
2087806970_Cren_contig00077_1001,Cren,2000,430.49195,-39.697889,-49.137039
2087806970_Cren_contig00077_2001,Cren,2000,464.39463,-52.79841,-72.00809
2087807120_Cren_contig00082_1,Cren,2000,319.05832,3.8557512,-4.4309125
2087807121_Cren_contig00588_1,Cren,2000,316.28695,-38.045105,-104.50902
2087807121_Cren_contig00588_1001,Cren,2000,297.43679,-41.254332,-53.96734
2087807246_Cren_contig00593_1,Cren,2000,278.25532,-9.000355,20.076476
2087807246_Cren_contig00593_1001,Cren,2000,214.37262,-26.024866,38.45499
2087807246_Cren_contig00593_2001,Cren,2000,229.06408,-44.89597,11.302242
2087807246_Cren_contig00593_3001,Cren,2000,298.99296,-35.69461,-21.053263
2087807295_Cren_contig00009_1,Cren,2000,349.88436,-49.803698,-43.370271
2087807295_Cren_contig00009_1001,Cren,2000,410.47881,-6.4952328,4.0584446
2087807396_Cren_contig00598_1,Cren,2000,242.79325,-22.756517,-0.31272815
2087807646_Cren_contig00607_1,Cren,2000,310.44097,-0.30835805,-76.40129
2087807646_Cren_contig00607_1001,Cren,2000,251.16056,5.8064223,-45.23414
2087807646_Cren_contig00607_2001,Cren,2000,220.69159,1.2382608,3.3270202
2087807646_Cren_contig00607_3001,Cren,2000,293.23434,3.3114438,18.353909
2087807646_Cren_contig00607_4001,Cren,2000,293.08573,-51.38483,5.0311695
2087807746_Cren_contig00611_1,Cren,2000,279.60275,-18.514902,-9.510263
2087807746_Cren_contig00611_1001,Cren,2000,356.87456,5.0782291,-69.854302
2087807771_Cren_contig00612_1,Cren,2000,377.59435,-20.516601,-34.777155
2087807771_Cren_contig00612_1001,Cren,2000,363.24792,-15.808632,-18.265429
2087807771_Cren_contig00612_2001,Cren,2000,353.48733,-3.3385877,4.1516531
2087807771_Cren_contig00612_3001,Cren,2000,332.30239,-23.607647,-56.583485
2087807771_Cren_contig00612_4001,Cren,2000,320.376,-51.16482,-73.30918
2087807771_Cren_contig00612_5001,Cren,2000,273.37821,-37.572584,-55.393772
GBSwaterNew_2087805009_02111_GBSWBa_contig02111,Unknown,43716,-159.44803,129.55852,45.911502
GBSwaterNew_2087807749_02324_GBSWBa_contig02324,Unknown,43066,-182.53284,131.22123,31.31191
GBSwaterNew_2087804784_02103_GBSWBa_contig02103,Unknown,37565,-169.96448,139.60667,39.886854
GBSwaterNew_2087798107_00715_GBSWBa_contig00715,Unknown,37399,-170.06367,148.09333,36.890924
GBSwaterNew_2087796085_02352_GBSWBa_contig02352,Unknown,33126,-156.42648,145.9829,55.70481
GBSwaterNew_2087796035_02350_GBSWBa_contig02350,Unknown,30545,-181.87687,123.20833,39.618348
GBSwaterNew_2087804709_02100_GBSWBa_contig02100,Unknown,29044,-155.46818,114.64313,46.328604
GBSwaterNew_2087804884_02106_GBSWBa_contig02106,Unknown,28244,-177.56837,140.64715,33.69863
GBSwaterNew_2087804909_02107_GBSWBa_contig02107,Unknown,25400,-173.43935,130.56645,23.425647
GBSwaterNew_2087807824_02327_GBSWBa_contig02327,Unknown,25060,-188.24904,116.97868,23.5914
GBSwaterNew_2087807724_02323_GBSWBa_contig02323,Unknown,23692,-188.28103,142.97318,22.670844
GBSwaterNew_2087804584_02095_GBSWBa_contig02095,Unknown,22837,-157.8745,134.83736,41.451991
GBSwaterNew_2087795560_02333_GBSWBa_contig02333,Unknown,22835,-191.02363,109.1384,36.214556
GBSwaterNew_2087807699_02322_GBSWBa_contig02322,Unknown,21291,-68.884116,107.09237,57.073828
GBSwaterNew_2087804184_02081_GBSWBa_contig02081,Unknown,20441,-186.76091,113.35086,34.543908
GBSwaterNew_2087805034_02112_GBSWBa_contig02112,Unknown,19813,-160.12192,113.88846,45.835622
GBSwaterNew_2087795760_02340_GBSWBa_contig02340,Unknown,18487,-169.6394,124.18469,44.224789
GBSwaterNew_2087804359_02087_GBSWBa_contig02087,Unknown,17482,-141.43864,132.08776,43.325793
GBSwaterNew_2087795585_02334_GBSWBa_contig02334,Unknown,17345,-163.95722,103.10727,42.527765
GBSwaterNew_2087804459_02091_GBSWBa_contig02091,Unknown,16749,-160.88534,143.45856,43.365511
GBSwaterNew_2087805059_02113_GBSWBa_contig02113,Unknown,16540,-164.92658,149.42081,47.457361
GBSwaterNew_2087795510_02331_GBSWBa_contig02331,Unknown,16420,-124.30103,122.36686,64.75966
GBSwaterNew_2087804334_02086_GBSWBa_contig02086,Unknown,16124,-169.22248,114.37923,33.90807
GBSwaterNew_2087796856_00163_GBSWBa_contig00163,Unknown,15304,257.56514,-22.329104,-10.796499
GBSwaterNew_2087804959_02109_GBSWBa_contig02109,Unknown,15185,-143.77048,112.55916,53.673739
GBSwaterNew_2087807774_02325_GBSWBa_contig02325,Unknown,14170,-178.7632,91.43946,35.664615
GBSwaterNew_2087807799_02326_GBSWBa_contig02326,Unknown,14166,-107.79384,144.36016,47.732237
GBSwaterNew_2087796606_00154_GBSWBa_contig00154,Unknown,14072,129.99287,-28.932393,-17.721081
GBSwaterNew_2087796608_01201_GBSWBa_contig01201,Unknown,13923,-384.85622,-132.59498,-176.73236
GBSwaterNew_2087804409_02089_GBSWBa_contig02089,Unknown,13500,-179.26748,131.06464,36.38243
GBSwaterNew_2087796458_01196_GBSWBa_contig01196,Unknown,13303,-377.80211,-133.67739,-174.74177
GBSwaterNew_2087804534_02094_GBSWBa_contig02094,Unknown,12999,-219.34458,108.0982,5.4498101
GBSwaterNew_2087804509_02093_GBSWBa_contig02093,Unknown,12974,-177.37783,191.6516,37.940819
GBSwaterNew_2087796010_02349_GBSWBa_contig02349,Unknown,12845,-214.28414,125.96164,29.115065
GBSwaterNew_2087796110_02353_GBSWBa_contig02353,Unknown,12838,-254.33758,96.99221,10.465126
GBSwaterNew_2087798031_00206_GBSWBa_contig00206,Unknown,12667,239.73362,-36.756622,-15.657607
GBSwaterNew_2087798156_00003_GBSWBa_contig00003,Unknown,12521,-139.74233,196.61005,45.849706
GBSwaterNew_2087798533_01275_GBSWBa_contig01275,Unknown,12454,187.42556,-42.927549,14.730352
GBSwaterNew_2087795985_02348_GBSWBa_contig02348,Unknown,12379,-169.93851,157.50322,39.668902
GBSwaterNew_2087800184_01891_GBSWBa_contig01891,Unknown,12338,-128.68366,102.55791,66.064586
GBSwaterNew_2087795635_02336_GBSWBa_contig02336,Unknown,12132,-109.25523,120.79767,78.72305
GBSwaterNew_2087804484_02092_GBSWBa_contig02092,Unknown,11854,-165.79003,143.55075,48.030052
GBSwaterNew_2087796135_02354_GBSWBa_contig02354,Unknown,11774,-106.6933,113.61133,75.05967
GBSwaterNew_2087798508_01274_GBSWBa_contig01274,Unknown,11583,167.29888,-46.318496,-12.198543
GBSwaterNew_2087804159_02080_GBSWBa_contig02080,Unknown,11389,-152.69079,127.26826,33.411945
GBSwaterNew_2087795660_02337_GBSWBa_contig02337,Unknown,11263,-155.40686,115.14818,28.556934
GBSwaterNew_2087804984_02110_GBSWBa_contig02110,Unknown,11262,-197.45481,97.94036,37.777642
GBSwaterNew_2087796581_00153_GBSWBa_contig00153,Unknown,11212,162.49128,-36.089438,15.440138
GBSwaterNew_2087804759_02102_GBSWBa_contig02102,Unknown,11099,-175.88515,97.21586,35.075859
GBSwaterNew_2087804859_02105_GBSWBa_contig02105,Unknown,11003,-201.14745,117.39861,27.700589
GBSwaterNew_2087796057_00638_GBSWBa_contig00638,Unknown,10951,313.50459,-40.88357,-20.52015
GBSwaterNew_2087795910_02346_GBSWBa_contig02346,Unknown,10832,-206.55656,133.6048,11.587016
GBSwaterNew_2087798408_01271_GBSWBa_contig01271,Unknown,10627,247.81155,-30.890321,1.252881
GBSwaterNew_2087798381_00218_GBSWBa_contig00218,Unknown,10512,321.85398,-39.484179,-67.8629
GBSwaterNew_2087796406_00147_GBSWBa_contig00147,Unknown,10233,210.34398,-27.889148,-1.474368
GBSwaterNew_2087795835_02343_GBSWBa_contig02343,Unknown,10039,-187.82183,120.96231,12.150691
GBSwaterNew_2087796706_00158_GBSWBa_contig00158,Unknown,10035,234.58694,-23.411094,-17.499447
GBSwaterNew_2087805683_01547_GBSWBa_contig01547,Unknown,9988,248.2039,-25.949392,-19.702459
GBSwaterNew_2087804034_02075_GBSWBa_contig02075,Unknown,9936,-196.86646,164.94121,41.899683
GBSwaterNew_2087798283_01266_GBSWBa_contig01266,Unknown,9919,268.55178,-37.986228,-69.424138
GBSwaterNew_2087799010_02213_GBSWBa_contig02213,Unknown,9658,-360.63741,28.375326,-81.43212
GBSwaterNew_2087798608_01278_GBSWBa_contig01278,Unknown,9360,196.45339,-13.969123,11.811324
GBSwaterNew_2087798583_01277_GBSWBa_contig01277,Unknown,9275,178.89368,-29.973594,-28.761383
GBSwaterNew_2087796782_00530_GBSWBa_contig00530,Unknown,9118,328.04611,-21.912128,-29.922088
GBSwaterNew_2087795507_00618_GBSWBa_contig00618,Unknown,9105,300.97739,-32.144147,-35.536088
GBSwaterNew_2087795382_00516_GBSWBa_contig00516,Unknown,9077,195.83592,-53.08443,-30.170266
GBSwaterNew_2087798082_00714_GBSWBa_contig00714,Unknown,8537,-125.57181,126.23205,53.640818
GBSwaterNew_2087800457_00799_GBSWBa_contig00799,Unknown,8531,352.53435,-31.902626,-10.54585
GBSwaterNew_2087795882_00632_GBSWBa_contig00632,Unknown,8459,136.21517,-39.275194,-1.1932963
GBSwaterNew_2087803582_00916_GBSWBa_contig00916,Unknown,8458,216.657,-22.909264,-6.583038
GBSwaterNew_2087795785_02341_GBSWBa_contig02341,Unknown,8399,-183.87866,91.93303,24.540691
GBSwaterNew_2087805708_01548_GBSWBa_contig01548,Unknown,8256,345.27507,-26.01067,-26.035709
GBSwaterNew_2087805782_01007_GBSWBa_contig01007,Unknown,8251,-186.76917,141.79473,60.467673
GBSwaterNew_2087795632_00623_GBSWBa_contig00623,Unknown,8242,186.51367,-41.044052,-26.216029
GBSwaterNew_2087795460_02329_GBSWBa_contig02329,Unknown,8073,-151.05783,148.04951,50.961456
GBSwaterNew_2087795982_00635_GBSWBa_contig00635,Unknown,8057,246.51893,-11.612391,22.065141
GBSwaterNew_2087795735_02339_GBSWBa_contig02339,Unknown,8043,-151.30906,132.64202,48.527388
GBSwaterNew_2087796082_00639_GBSWBa_contig00639,Unknown,8005,316.25041,-28.650517,-2.613408
GBSwaterNew_2087804109_02078_GBSWBa_contig02078,Unknown,7958,-135.74554,168.33362,54.304908
GBSwaterNew_2087804734_02101_GBSWBa_contig02101,Unknown,7933,-130.96531,30.617489,51.59154
GBSwaterNew_2087796107_00640_GBSWBa_contig00640,Unknown,7912,227.05578,-45.787259,-5.3916401
GBSwaterNew_2087802807_00888_GBSWBa_contig00888,Unknown,7898,266.72835,-21.786079,28.863527
GBSwaterNew_2087804309_02085_GBSWBa_contig02085,Unknown,7889,-140.3409,130.93129,45.236548
GBSwaterNew_2087796831_00162_GBSWBa_contig00162,Unknown,7859,293.63866,1.9149711,22.442637
GBSwaterNew_2087804659_02098_GBSWBa_contig02098,Unknown,7852,-173.84605,156.63039,32.909198
GBSwaterNew_2087807771_00612_GBSWBa_contig00612,Unknown,7795,332.01791,-23.048935,-36.090894
GBSwaterNew_2087800607_00805_GBSWBa_contig00805,Unknown,7616,295.84576,-40.347391,-37.3352
GBSwaterNew_2087796060_02351_GBSWBa_contig02351,Unknown,7613,-160.1075,108.92693,52.199112
GBSwaterNew_2087798308_01267_GBSWBa_contig01267,Unknown,7595,248.86932,-26.923225,-23.363634
GBSwaterNew_2087805807_01008_GBSWBa_contig01008,Unknown,7583,-144.984,111.12402,45.554838
GBSwaterNew_2087796132_00641_GBSWBa_contig00641,Unknown,7563,278.57655,-4.5344936,-42.720377
GBSwaterNew_2087795607_00622_GBSWBa_contig00622,Unknown,7553,189.62328,-17.302964,-8.522402
GBSwaterNew_2087795610_02335_GBSWBa_contig02335,Unknown,7534,-124.91234,95.77638,40.694619
GBSwaterNew_2087796656_00156_GBSWBa_contig00156,Unknown,7331,185.35083,-26.896226,35.383418
GBSwaterNew_2087807496_00602_GBSWBa_contig00602,Unknown,7298,262.72841,-44.435594,-24.748402
GBSwaterNew_2087802682_00883_GBSWBa_contig00883,Unknown,7247,266.96768,-28.636426,-10.038714
GBSwaterNew_2087807146_00589_GBSWBa_contig00589,Unknown,7229,303.74491,-32.36765,-21.18697
GBSwaterNew_2087798534_01818_GBSWBa_contig01818,Unknown,7136,-195.11065,146.24085,25.648742
GBSwaterNew_2087798510_02439_GBSWBa_contig02439,Unknown,7134,301.22582,-36.157534,-103.98647
GBSwaterNew_2087804434_02090_GBSWBa_contig02090,Unknown,7123,-242.43807,134.71934,-19.294345
GBSwaterNew_2087804059_02076_GBSWBa_contig02076,Unknown,7050,-128.16755,137.01135,51.041193
GBSwaterNew_2087798431_00220_GBSWBa_contig00220,Unknown,7011,283.60206,-37.448831,-98.16086
GBSwaterNew_2087796282_00646_GBSWBa_contig00646,Unknown,6838,181.22048,-80.26116,-24.914561
GBSwaterNew_2087806302_00508_GBSWBa_contig00508,Unknown,6805,227.69299,-36.0297,-30.009329
GBSwaterNew_2087798106_00209_GBSWBa_contig00209,Unknown,6756,394.93377,1.465191,26.007443
GBSwaterNew_2087798558_01276_GBSWBa_contig01276,Unknown,6754,177.03952,-28.728287,46.7376
GBSwaterNew_2087802732_00885_GBSWBa_contig00885,Unknown,6735,279.43832,-26.399926,11.593344
GBSwaterNew_2087805931_00056_GBSWBa_contig00056,Unknown,6721,-250.85004,124.45713,-15.350062
GBSwaterNew_2087803107_00899_GBSWBa_contig00899,Unknown,6640,277.03508,-33.928265,33.273821
GBSwaterNew_2087806230_00505_GBSWBa_contig00505,Unknown,6602,300.60513,-31.443279,-43.065687
GBSwaterNew_2087795535_02332_GBSWBa_contig02332,Unknown,6591,-184.69773,142.23083,41.53009
GBSwaterNew_2087807646_00607_GBSWBa_contig00607,Unknown,6565,283.26116,-23.795408,-28.870492
GBSwaterNew_2087806845_00072_GBSWBa_contig00072,Unknown,6552,325.69817,-46.76987,-38.929625
GBSwaterNew_2087804609_02096_GBSWBa_contig02096,Unknown,6522,-210.88795,204.1158,-3.0647022
GBSwaterNew_2087795710_02338_GBSWBa_contig02338,Unknown,6516,-186.15877,131.27485,26.852728
GBSwaterNew_2087796483_01197_GBSWBa_contig01197,Unknown,6511,-312.19265,-157.65281,-97.20018
GBSwaterNew_2087796431_00148_GBSWBa_contig00148,Unknown,6489,220.76852,-7.772898,8.106504
GBSwaterNew_2087803607_00917_GBSWBa_contig00917,Unknown,6337,224.20762,-31.612511,14.722414
GBSwaterNew_2087795485_02330_GBSWBa_contig02330,Unknown,6244,-123.23381,136.91867,53.485068
GBSwaterNew_2087802982_00894_GBSWBa_contig00894,Unknown,6230,241.16883,-18.090737,14.429058
GBSwaterNew_2087797681_00193_GBSWBa_contig00193,Unknown,6226,254.30587,-35.923097,-18.746539
GBSwaterNew_2087797581_00190_GBSWBa_contig00190,Unknown,6225,280.29722,-25.790856,-13.758654
GBSwaterNew_2087796731_00159_GBSWBa_contig00159,Unknown,6187,263.93717,-23.426095,-2.3145654
GBSwaterNew_2087796631_00155_GBSWBa_contig00155,Unknown,6173,204.93893,-39.662189,-18.087986
GBSwaterNew_2087806006_00497_GBSWBa_contig00497,Unknown,6133,244.38008,-3.4269753,-22.728279
GBSwaterNew_2087803557_00915_GBSWBa_contig00915,Unknown,6097,278.63507,-13.462589,-0.7449246
GBSwaterNew_2087800582_00804_GBSWBa_contig00804,Unknown,6051,291.87165,-27.278636,-18.635659
GBSwaterNew_2087804756_00452_GBSWBa_contig00452,Unknown,6048,-319.56267,123.59739,-54.155577
GBSwaterNew_2087795857_00631_GBSWBa_contig00631,Unknown,6039,126.02898,-33.772326,1.3791435
GBSwaterNew_2087796481_00150_GBSWBa_contig00150,Unknown,6024,201.2696,-41.120415,-12.389244
GBSwaterNew_2087804384_02088_GBSWBa_contig02088,Unknown,6020,189.11837,59.62628,-18.795644
GBSwaterNew_2087796032_00637_GBSWBa_contig00637,Unknown,5994,291.88866,-42.050316,-54.091961
GBSwaterNew_2087807246_00593_GBSWBa_contig00593,Unknown,5973,287.84406,-21.289877,19.125974
GBSwaterNew_2087807271_00594_GBSWBa_contig00594,Unknown,5972,327.02866,-37.654449,-49.25242
GBSwaterNew_2087796007_00636_GBSWBa_contig00636,Unknown,5961,248.33214,-38.39122,-11.034527
GBSwaterNew_2087807671_00608_GBSWBa_contig00608,Unknown,5955,284.64702,-49.907711,-78.38852
GBSwaterNew_2087804084_02077_GBSWBa_contig02077,Unknown,5951,-170.91557,161.67942,19.063716
GBSwaterNew_2087796358_01192_GBSWBa_contig01192,Unknown,5942,-377.6164,-183.62771,-198.32603
GBSwaterNew_2087795907_00633_GBSWBa_contig00633,Unknown,5934,69.745494,-43.598842,4.4727781
GBSwaterNew_2087797531_00188_GBSWBa_contig00188,Unknown,5912,283.55145,-28.791462,-30.727445
GBSwaterNew_2087798633_01279_GBSWBa_contig01279,Unknown,5877,254.24581,-13.412245,-50.829114
GBSwaterNew_2087798732_00537_GBSWBa_contig00537,Unknown,5868,472.42678,-41.711642,-111.33227
GBSwaterNew_2087805757_01006_GBSWBa_contig01006,Unknown,5797,-127.2117,85.49219,71.9551
GBSwaterNew_2087805457_00992_GBSWBa_contig00992,Unknown,5752,-212.23706,121.86419,35.170254
GBSwaterNew_2087797756_00196_GBSWBa_contig00196,Unknown,5739,235.66886,-17.466281,-8.840489
GBSwaterNew_2087796385_02363_GBSWBa_contig02363,Unknown,5721,-232.89917,38.50231,-24.07706
GBSwaterNew_2087796232_00528_GBSWBa_contig00528,Unknown,5697,260.43234,-37.99194,-44.262694
GBSwaterNew_2087798383_01270_GBSWBa_contig01270,Unknown,5670,228.87361,15.906331,-0.8908053
GBSwaterNew_2087797332_00532_GBSWBa_contig00532,Unknown,5615,281.3398,-39.353944,-33.473552
GBSwaterNew_2087798406_00219_GBSWBa_contig00219,Unknown,5583,301.1449,-56.72597,-74.01597
GBSwaterNew_2087797706_00194_GBSWBa_contig00194,Unknown,5552,253.07583,-22.849638,-4.0678421
GBSwaterNew_2087803082_00898_GBSWBa_contig00898,Unknown,5510,166.48429,-43.719284,-23.167032
GBSwaterNew_2087804684_02099_GBSWBa_contig02099,Unknown,5500,-148.74566,73.51253,68.086683
GBSwaterNew_2087803132_00900_GBSWBa_contig00900,Unknown,5480,233.8182,-6.7567059,-9.064951
GBSwaterNew_2087795582_00621_GBSWBa_contig00621,Unknown,5474,241.82634,-15.247309,-9.230781
GBSwaterNew_2087804934_02108_GBSWBa_contig02108,Unknown,5433,-157.71217,122.9522,53.28988
GBSwaterNew_2087803182_00901_GBSWBa_contig00901,Unknown,5420,100.33737,-8.377348,15.157065
GBSwaterNew_2087803232_00903_GBSWBa_contig00903,Unknown,5408,247.1133,-48.119029,-6.6727794
GBSwaterNew_2087798535_02440_GBSWBa_contig02440,Unknown,5400,413.31493,-47.514936,-104.91908
GBSwaterNew_2087804931_00458_GBSWBa_contig00458,Unknown,5393,300.14586,18.512613,-50.106231
GBSwaterNew_2087804259_02084_GBSWBa_contig02084,Unknown,5390,-127.95111,151.42246,66.567109
GBSwaterNew_2087798531_00223_GBSWBa_contig00223,Unknown,5338,342.20655,-30.807735,-82.23383
GBSwaterNew_2087798506_00222_GBSWBa_contig00222,Unknown,5307,414.8025,-52.337544,-91.78393
GBSwaterNew_2087800482_00800_GBSWBa_contig00800,Unknown,5285,279.26346,-29.278739,-28.122255
GBSwaterNew_2087798481_00221_GBSWBa_contig00221,Unknown,5280,296.74708,11.439834,-13.465893
GBSwaterNew_2087796331_00144_GBSWBa_contig00144,Unknown,5248,309.60286,-34.509146,-5.2754366
GBSwaterNew_2087806920_00075_GBSWBa_contig00075,Unknown,5244,217.56294,-23.38784,-7.865634
GBSwaterNew_2087796433_01195_GBSWBa_contig01195,Unknown,5235,-408.43453,-164.45415,-211.98877
GBSwaterNew_2087804134_02079_GBSWBa_contig02079,Unknown,5224,-79.72363,139.89423,89.85802
GBSwaterNew_2087805881_00493_GBSWBa_contig00493,Unknown,5221,262.22511,-65.952754,-25.539724
GBSwaterNew_2087798509_01817_GBSWBa_contig01817,Unknown,5208,-364.21868,-76.80407,-51.33191
GBSwaterNew_2087807547_01141_GBSWBa_contig01141,Unknown,5146,-294.97769,18.137924,-35.73661
GBSwaterNew_2087801356_00326_GBSWBa_contig00326,Unknown,5108,276.08126,-35.430892,-33.2542
GBSwaterNew_2087795732_00626_GBSWBa_contig00626,Unknown,5075,187.4621,-10.304581,-26.963454
GBSwaterNew_2087795357_00515_GBSWBa_contig00515,Unknown,5059,335.50601,-12.291727,-34.724158
GBSwaterNew_2087805483_01540_GBSWBa_contig01540,Unknown,5024,247.78222,-11.474624,-29.674365
GBSwaterNew_2087802757_00886_GBSWBa_contig00886,Unknown,5009,294.62783,-53.729368,-41.703389
GBSwaterNew_2087803257_00904_GBSWBa_contig00904,Unknown,4996,334.95007,-16.543604,-25.135586
GBSwaterNew_2087795557_00620_GBSWBa_contig00620,Unknown,4976,205.39673,-50.816192,-21.617743
GBSwaterNew_2087803282_00905_GBSWBa_contig00905,Unknown,4962,280.2128,-38.562832,-2.0869415
GBSwaterNew_2087807070_00080_GBSWBa_contig00080,Unknown,4952,294.36512,-18.062331,-8.745891
GBSwaterNew_2087802832_00889_GBSWBa_contig00889,Unknown,4897,337.96098,-12.060965,-47.722605
GBSwaterNew_2087796207_00644_GBSWBa_contig00644,Unknown,4884,201.43781,-33.997635,-26.216848
GBSwaterNew_2087806820_00071_GBSWBa_contig00071,Unknown,4882,386.08535,-36.873529,-45.589432
GBSwaterNew_2087796410_02364_GBSWBa_contig02364,Unknown,4876,-208.99326,94.79869,-9.333737
GBSwaterNew_2087801181_00320_GBSWBa_contig00320,Unknown,4875,242.54601,-43.440586,-46.315017
GBSwaterNew_2087807497_01139_GBSWBa_contig01139,Unknown,4860,-260.78878,64.692299,-20.448323
GBSwaterNew_2087802857_00890_GBSWBa_contig00890,Unknown,4853,207.85261,-78.42233,-30.431856
GBSwaterNew_2087795807_00629_GBSWBa_contig00629,Unknown,4847,233.58587,-27.969018,-61.518842
GBSwaterNew_2087796332_00648_GBSWBa_contig00648,Unknown,4835,216.36839,-31.025785,-32.154493
GBSwaterNew_2087805458_01539_GBSWBa_contig01539,Unknown,4808,350.75614,-28.671986,-27.528704
GBSwaterNew_2087797856_00200_GBSWBa_contig00200,Unknown,4778,236.1905,-31.826515,24.050362
GBSwaterNew_2087802657_00882_GBSWBa_contig00882,Unknown,4776,260.25132,-25.675727,17.870594
GBSwaterNew_2087796182_00643_GBSWBa_contig00643,Unknown,4703,247.58146,-5.9971954,0.8210825
GBSwaterNew_2087800181_00284_GBSWBa_contig00284,Unknown,4702,94.72008,-16.367967,4.7639305
GBSwaterNew_2087796408_01194_GBSWBa_contig01194,Unknown,4690,-417.47426,-158.14477,-228.20714
GBSwaterNew_2087806970_00077_GBSWBa_contig00077,Unknown,4678,425.29214,-38.121839,-53.374055
GBSwaterNew_2087795657_00624_GBSWBa_contig00624,Unknown,4667,272.00845,-48.393989,5.596437
GBSwaterNew_2087796210_02357_GBSWBa_contig02357,Unknown,4644,-265.03946,123.15653,-8.063146
GBSwaterNew_2087795932_00634_GBSWBa_contig00634,Unknown,4616,218.86942,-19.678022,9.898399
GBSwaterNew_2087796381_00146_GBSWBa_contig00146,Unknown,4611,292.7064,-30.700089,27.61325
GBSwaterNew_2087805633_01546_GBSWBa_contig01546,Unknown,4565,224.17668,-43.539545,4.1161568
GBSwaterNew_2087806446_00514_GBSWBa_contig00514,Unknown,4556,264.6539,-56.588966,-34.201678
GBSwaterNew_2087796633_01202_GBSWBa_contig01202,Unknown,4552,-407.46727,-225.48708,-201.37894
GBSwaterNew_2087803431_00047_GBSWBa_contig00047,Unknown,4550,278.18441,-33.210198,-41.933115
GBSwaterNew_2087798358_01269_GBSWBa_contig01269,Unknown,4549,278.2927,-31.342199,-39.959976
GBSwaterNew_2087796681_00157_GBSWBa_contig00157,Unknown,4548,213.54102,-13.348279,-9.155769
GBSwaterNew_2087803757_00921_GBSWBa_contig00921,Unknown,4540,343.30387,-28.956151,-32.493293
GBSwaterNew_2087796160_02355_GBSWBa_contig02355,Unknown,4538,-163.4115,225.44914,-54.17503
GBSwaterNew_2087795957_00527_GBSWBa_contig00527,Unknown,4537,257.71515,-13.140589,-26.965148
GBSwaterNew_2087798457_00536_GBSWBa_contig00536,Unknown,4465,446.42969,-42.440447,-78.69554
GBSwaterNew_2087796185_02356_GBSWBa_contig02356,Unknown,4437,-407.97897,-19.259282,-83.41921
GBSwaterNew_2087798658_01280_GBSWBa_contig01280,Unknown,4396,201.78529,-12.360159,-10.40564
GBSwaterNew_2087806422_00513_GBSWBa_contig00513,Unknown,4389,160.42229,-27.934578,-64.259692
GBSwaterNew_2087795356_00001_GBSWBa_contig00001,Unknown,4365,276.92112,-1.5055201,-6.0875801
GBSwaterNew_2087803807_00923_GBSWBa_contig00923,Unknown,4364,419.85643,-53.132121,-57.9621
GBSwaterNew_2087805558_01543_GBSWBa_contig01543,Unknown,4355,338.91781,-52.404303,-25.070164
GBSwaterNew_2087806081_00500_GBSWBa_contig00500,Unknown,4347,267.92703,-15.825362,-38.711449
GBSwaterNew_2087798433_01272_GBSWBa_contig01272,Unknown,4330,252.98133,7.425362,-8.951488
GBSwaterNew_2087806647_01105_GBSWBa_contig01105,Unknown,4316,279.34921,-54.824679,-31.852597
GBSwaterNew_2087800507_00801_GBSWBa_contig00801,Unknown,4304,221.04516,-14.987413,-6.1528964
GBSwaterNew_2087806870_00073_GBSWBa_contig00073,Unknown,4298,275.66728,-29.088262,-37.188753
GBSwaterNew_2087795482_00617_GBSWBa_contig00617,Unknown,4283,135.02391,-96.17958,-36.952636
GBSwaterNew_2087796157_00642_GBSWBa_contig00642,Unknown,4274,235.18061,-11.594723,-30.107084
GBSwaterNew_2087805857_01011_GBSWBa_contig01011,Unknown,4273,-309.06281,204.4644,-45.826242
GBSwaterNew_2087796285_02359_GBSWBa_contig02359,Unknown,4267,-197.89805,194.35584,18.797968
GBSwaterNew_2087796310_02360_GBSWBa_contig02360,Unknown,4267,-81.79318,142.45882,58.742075
GBSwaterNew_2087796335_02361_GBSWBa_contig02361,Unknown,4258,-395.25535,-71.52621,-105.42581
GBSwaterNew_2087796756_00160_GBSWBa_contig00160,Unknown,4256,200.73088,-49.88228,-26.721499
GBSwaterNew_2087795433_01154_GBSWBa_contig01154,Unknown,4232,255.94338,-35.149205,-12.382174
GBSwaterNew_2087796583_01200_GBSWBa_contig01200,Unknown,4211,-369.91605,-121.84935,-153.30707
GBSwaterNew_2087796457_00653_GBSWBa_contig00653,Unknown,4186,272.90851,-34.571901,-28.877478
GBSwaterNew_2087797506_00187_GBSWBa_contig00187,Unknown,4169,147.41727,-6.4411403,2.8016443
GBSwaterNew_2087805508_01541_GBSWBa_contig01541,Unknown,4128,205.18806,13.561821,-15.249871
GBSwaterNew_2087796357_00649_GBSWBa_contig00649,Unknown,4126,175.31038,-12.344759,19.303396
GBSwaterNew_2087797557_00694_GBSWBa_contig00694,Unknown,4114,-354.01632,-31.779965,-38.931011
GBSwaterNew_2087803507_00913_GBSWBa_contig00913,Unknown,4101,340.1209,-19.13268,-14.92505
GBSwaterNew_2087802907_00891_GBSWBa_contig00891,Unknown,4089,232.29164,-16.512258,21.96957
GBSwaterNew_2087800557_00803_GBSWBa_contig00803,Unknown,4085,329.43939,-37.52532,-3.6444121
GBSwaterNew_2087802582_00880_GBSWBa_contig00880,Unknown,4070,288.16991,10.985345,11.731132
GBSwaterNew_2087805733_01549_GBSWBa_contig01549,Unknown,4059,288.48218,-17.740653,-69.385323
GBSwaterNew_2087800432_00798_GBSWBa_contig00798,Unknown,4051,315.09338,-42.993524,-43.603021
GBSwaterNew_2087795435_02328_GBSWBa_contig02328,Unknown,4037,-176.83547,151.09367,26.880931
GBSwaterNew_2087803682_00920_GBSWBa_contig00920,Unknown,4034,303.30412,-26.317004,5.1990414
GBSwaterNew_2087797906_00201_GBSWBa_contig00201,Unknown,4028,293.40283,-31.089947,-4.2360297
GBSwaterNew_2087803532_00914_GBSWBa_contig00914,Unknown,3961,225.46111,-53.637969,-35.843682
GBSwaterNew_2087796507_00529_GBSWBa_contig00529,Unknown,3950,287.25872,-27.197009,-5.4238331
GBSwaterNew_2087796435_02365_GBSWBa_contig02365,Unknown,3932,-182.25557,50.748131,-6.4785483
GBSwaterNew_2087795406_00015_GBSWBa_contig00015,Unknown,3882,-189.80255,63.940989,83.72448
GBSwaterNew_2087796181_00139_GBSWBa_contig00139,Unknown,3882,301.43183,-43.796193,-25.1825
GBSwaterNew_2087795885_02345_GBSWBa_contig02345,Unknown,3864,-182.9625,119.64337,32.33909
GBSwaterNew_2087798182_00535_GBSWBa_contig00535,Unknown,3845,365.92451,-39.912957,-32.802189
GBSwaterNew_2087805533_01542_GBSWBa_contig01542,Unknown,3827,293.25835,-25.972268,-80.96382
GBSwaterNew_2087795707_00625_GBSWBa_contig00625,Unknown,3823,210.68089,-32.942105,-8.870904
GBSwaterNew_2087798056_00207_GBSWBa_contig00207,Unknown,3820,258.30868,-20.102894,-9.072028
GBSwaterNew_2087797981_00204_GBSWBa_contig00204,Unknown,3817,235.84176,-14.268205,-29.735825
GBSwaterNew_2087803307_00906_GBSWBa_contig00906,Unknown,3815,266.18816,-58.08971,-63.623049
GBSwaterNew_2087800509_01905_GBSWBa_contig01905,Unknown,3814,-327.05967,88.50324,-15.389325
GBSwaterNew_2087801381_00327_GBSWBa_contig00327,Unknown,3814,257.61204,8.169385,-9.834538
GBSwaterNew_2087798258_01265_GBSWBa_contig01265,Unknown,3795,218.36038,-26.633628,-5.1535204
GBSwaterNew_2087802782_00887_GBSWBa_contig00887,Unknown,3788,220.66156,-26.203737,-27.452936
GBSwaterNew_2087805632_01001_GBSWBa_contig01001,Unknown,3788,-218.79326,57.377292,-3.4148093
GBSwaterNew_2087801031_00314_GBSWBa_contig00314,Unknown,3765,-183.456,63.76258,13.712293
GBSwaterNew_2087807546_00604_GBSWBa_contig00604,Unknown,3764,233.36593,-87.02435,-21.449925
GBSwaterNew_2087796333_01191_GBSWBa_contig01191,Unknown,3735,-382.81411,-90.79273,-173.5335
GBSwaterNew_2087796260_02358_GBSWBa_contig02358,Unknown,3701,-180.46028,128.90654,41.943839
GBSwaterNew_2087807822_01153_GBSWBa_contig01153,Unknown,3687,263.60187,-16.451302,-17.088659
GBSwaterNew_2087803482_00912_GBSWBa_contig00912,Unknown,3670,194.21038,-38.091907,-37.240378
GBSwaterNew_2087800532_00802_GBSWBa_contig00802,Unknown,3632,294.40096,-22.951502,-48.676698
GBSwaterNew_2087803281_00399_GBSWBa_contig00399,Unknown,3630,178.19417,18.675587,-7.339577
GBSwaterNew_2087798384_01813_GBSWBa_contig01813,Unknown,3622,-408.15159,-166.08865,-197.61238
GBSwaterNew_2087806895_00074_GBSWBa_contig00074,Unknown,3621,327.50095,-41.729618,-29.447768
GBSwaterNew_2087806156_00503_GBSWBa_contig00503,Unknown,3598,114.89849,-30.910747,-6.2340229
GBSwaterNew_2087803231_00397_GBSWBa_contig00397,Unknown,3570,306.32742,-57.177939,-66.240097
GBSwaterNew_2087806181_00504_GBSWBa_contig00504,Unknown,3550,244.3966,-26.332579,-39.364192
GBSwaterNew_2087807171_00590_GBSWBa_contig00590,Unknown,3550,353.30148,-29.130318,-15.130472
GBSwaterNew_2087796206_00140_GBSWBa_contig00140,Unknown,3547,141.95629,-12.547213,-29.715021
GBSwaterNew_2087804883_01517_GBSWBa_contig01517,Unknown,3531,-399.59108,-78.45313,-86.50978
GBSwaterNew_2087805906_00494_GBSWBa_contig00494,Unknown,3522,255.61697,-3.6078007,-19.122243
GBSwaterNew_2087800657_00544_GBSWBa_contig00544,Unknown,3492,218.91506,-63.668836,-47.510421
GBSwaterNew_2087796585_02370_GBSWBa_contig02370,Unknown,3485,-265.93308,94.78119,-26.491549
GBSwaterNew_2087796456_00149_GBSWBa_contig00149,Unknown,3460,207.74635,-25.841879,-8.30571
GBSwaterNew_2087807121_00588_GBSWBa_contig00588,Unknown,3451,335.46688,-37.246426,-74.85632
GBSwaterNew_2087807295_00009_GBSWBa_contig00009,Unknown,3449,374.2235,-22.546251,-3.7162566
GBSwaterNew_2087798157_00517_GBSWBa_contig00517,Unknown,3431,355.60889,-12.741022,-6.4996358
GBSwaterNew_2087803256_00398_GBSWBa_contig00398,Unknown,3427,281.89854,-32.034233,-29.275953
GBSwaterNew_2087804209_02082_GBSWBa_contig02082,Unknown,3421,-188.91376,98.5005,57.555386
GBSwaterNew_2087797606_00025_GBSWBa_contig00025,Unknown,3420,221.69168,-17.646944,28.80535
GBSwaterNew_2087797632_00696_GBSWBa_contig00696,Unknown,3420,264.39448,-17.811038,-1.7551065
GBSwaterNew_2087804806_00454_GBSWBa_contig00454,Unknown,3408,285.16544,-6.519632,-43.862714
GBSwaterNew_2087798006_00205_GBSWBa_contig00205,Unknown,3397,291.37507,-21.509152,-44.877546
GBSwaterNew_2087796383_01193_GBSWBa_contig01193,Unknown,3379,-380.63242,-136.40872,-178.92119
GBSwaterNew_2087797057_00531_GBSWBa_contig00531,Unknown,3376,276.5224,14.815129,-28.865326
GBSwaterNew_2087796485_02367_GBSWBa_contig02367,Unknown,3361,-343.99218,-104.20662,-46.370464
GBSwaterNew_2087804406_00439_GBSWBa_contig00439,Unknown,3361,331.28039,-39.562817,-9.838311
GBSwaterNew_2087796306_00143_GBSWBa_contig00143,Unknown,3354,294.20027,-34.270089,23.804214
GBSwaterNew_2087798356_00217_GBSWBa_contig00217,Unknown,3354,451.63412,-9.882068,-54.106241
GBSwaterNew_2087796535_02368_GBSWBa_contig02368,Unknown,3337,-143.93974,182.40432,60.928952
GBSwaterNew_2087803032_00896_GBSWBa_contig00896,Unknown,3316,241.06614,1.5550178,10.473547
GBSwaterNew_2087807321_00595_GBSWBa_contig00595,Unknown,3316,196.24227,-16.818417,19.224345
GBSwaterNew_2087800531_00297_GBSWBa_contig00297,Unknown,3314,330.20155,-20.25226,-29.9439
GBSwaterNew_2087798981_00241_GBSWBa_contig00241,Unknown,3284,248.81528,-36.396626,-14.854133
GBSwaterNew_2087797631_00191_GBSWBa_contig00191,Unknown,3260,318.7982,-62.740216,-54.681977
GBSwaterNew_2087807346_00596_GBSWBa_contig00596,Unknown,3237,218.37249,-39.371745,-12.911227
GBSwaterNew_2087801082_00823_GBSWBa_contig00823,Unknown,3230,361.09948,-54.786088,-50.06946
GBSwaterNew_2087797956_00203_GBSWBa_contig00203,Unknown,3229,315.94647,-19.056982,-39.514349
GBSwaterNew_2087796360_02362_GBSWBa_contig02362,Unknown,3227,-437.51785,-128.01264,-122.62495
GBSwaterNew_2087802957_00893_GBSWBa_contig00893,Unknown,3225,212.08432,-35.262969,14.101311
GBSwaterNew_2087799282_00539_GBSWBa_contig00539,Unknown,3206,355.91381,-42.692881,-8.108471
GBSwaterNew_2087807270_00088_GBSWBa_contig00088,Unknown,3204,242.52494,-26.897703,-0.7318801
GBSwaterNew_2087805583_01544_GBSWBa_contig01544,Unknown,3202,236.75771,-15.898148,1.3679813
GBSwaterNew_2087800084_01888_GBSWBa_contig01888,Unknown,3184,-201.46035,72.793,63.289996
GBSwaterNew_2087798485_02438_GBSWBa_contig02438,Unknown,3180,326.38431,-46.384709,-114.88127
GBSwaterNew_2087796156_00138_GBSWBa_contig00138,Unknown,3175,261.49053,5.681998,-15.067458
GBSwaterNew_2087796531_00151_GBSWBa_contig00151,Unknown,3171,232.25272,1.5276457,31.005072
GBSwaterNew_2087807821_00614_GBSWBa_contig00614,Unknown,3154,247.10476,-15.461096,-63.846734
GBSwaterNew_2087797982_00710_GBSWBa_contig00710,Unknown,3153,-380.47709,-64.771658,-80.49916
GBSwaterNew_2087796806_00161_GBSWBa_contig00161,Unknown,3152,232.7766,-51.076431,-38.686207
GBSwaterNew_2087803207_00902_GBSWBa_contig00902,Unknown,3132,180.33449,-17.060267,36.339744
GBSwaterNew_2087795682_00526_GBSWBa_contig00526,Unknown,3131,303.77697,-34.598326,-55.105288
GBSwaterNew_2087800808_01361_GBSWBa_contig01361,Unknown,3131,158.95607,-35.962458,-13.696543
GBSwaterNew_2087796610_02371_GBSWBa_contig02371,Unknown,3127,-181.21411,104.86406,12.90142
GBSwaterNew_2087803658_01472_GBSWBa_contig01472,Unknown,3126,-368.9567,-124.75323,-212.12296
GBSwaterNew_2087798581_00225_GBSWBa_contig00225,Unknown,3121,382.21869,-72.18743,-100.08467
GBSwaterNew_2087805408_01537_GBSWBa_contig01537,Unknown,3100,340.84617,-15.332772,-8.977619
GBSwaterNew_2087798085_02425_GBSWBa_contig02425,Unknown,3087,-280.7595,175.12432,-2.87266
GBSwaterNew_2087798060_02424_GBSWBa_contig02424,Unknown,3080,-241.57175,163.69367,13.589261
GBSwaterNew_2087805608_01545_GBSWBa_contig01545,Unknown,3070,153.62333,-16.217082,-15.609769
GBSwaterNew_2087796460_02366_GBSWBa_contig02366,Unknown,3069,-176.6345,84.42441,24.884272
GBSwaterNew_2087795532_00619_GBSWBa_contig00619,Unknown,3063,122.06782,-6.6834292,-0.54446945
GBSwaterNew_2087807746_00611_GBSWBa_contig00611,Unknown,3059,316.98779,-11.960928,-29.126615
GBSwaterNew_2087795832_00630_GBSWBa_contig00630,Unknown,3056,156.13563,-35.61915,16.816982
GBSwaterNew_2087797931_00202_GBSWBa_contig00202,Unknown,3048,276.13285,-46.611418,-24.007585
GBSwaterNew_2087803156_00046_GBSWBa_contig00046,Unknown,3041,283.03142,-3.8713906,29.639008
GBSwaterNew_2087795407_00525_GBSWBa_contig00525,Unknown,3034,308.76517,-15.244362,-15.584737
GBSwaterNew_2087804081_00427_GBSWBa_contig00427,Unknown,3011,310.78894,-57.952377,-62.13172
GBSwaterNew_2087807522_01140_GBSWBa_contig01140,Unknown,3007,-284.4359,51.58426,-14.658889
GBSwaterNew_2087796635_02372_GBSWBa_contig02372,Unknown,3003,-217.30212,157.96004,-9.546089
GBSwaterNew_2087800407_00797_GBSWBa_contig00797,Unknown,3002,335.25093,-25.687396,-36.648808
GBSwaterNew_2087797256_00178_GBSWBa_contig00178,Unknown,3001,177.7657,-21.788536,-23.744343
GBSwaterNew_2087795810_02342_GBSWBa_contig02342,Unknown,2991,-177.32512,111.4498,40.1849
GBSwaterNew_2087800382_00543_GBSWBa_contig00543,Unknown,2985,232.88307,-66.815805,-62.69207
GBSwaterNew_2087806945_00076_GBSWBa_contig00076,Unknown,2981,278.54946,-11.558134,-0.8133125
GBSwaterNew_2087806033_01563_GBSWBa_contig01563,Unknown,2976,352.95757,-28.117516,-37.12926
GBSwaterNew_2087807696_00609_GBSWBa_contig00609,Unknown,2963,326.56575,-109.42232,-83.11611
GBSwaterNew_2087798081_00208_GBSWBa_contig00208,Unknown,2957,301.48804,-19.611858,-56.51905
GBSwaterNew_2087796683_01204_GBSWBa_contig01204,Unknown,2940,-398.92776,-133.06839,-193.13525
GBSwaterNew_2087803782_00922_GBSWBa_contig00922,Unknown,2922,368.63834,4.1771646,12.523462
GBSwaterNew_2087800506_00296_GBSWBa_contig00296,Unknown,2919,291.84617,-13.784533,-107.43327
GBSwaterNew_2087796660_02373_GBSWBa_contig02373,Unknown,2913,-177.94483,101.64455,70.40075
GBSwaterNew_2087802658_01434_GBSWBa_contig01434,Unknown,2913,-520.71656,-152.41926,-194.0771
GBSwaterNew_2087798483_01273_GBSWBa_contig01273,Unknown,2911,183.73663,12.808257,12.967829
GBSwaterNew_2087800059_01887_GBSWBa_contig01887,Unknown,2908,-187.16285,175.40124,56.694876
GBSwaterNew_2087801808_01398_GBSWBa_contig01398,Unknown,2905,202.48704,-23.184084,-2.1006699
GBSwaterNew_2087807521_00603_GBSWBa_contig00603,Unknown,2895,195.89829,-51.38301,-43.341725
GBSwaterNew_2087796658_01203_GBSWBa_contig01203,Unknown,2890,-355.02488,-115.68977,-157.93624
GBSwaterNew_2087796558_01199_GBSWBa_contig01199,Unknown,2882,-392.1757,-113.30158,-196.15974
GBSwaterNew_2087802632_00881_GBSWBa_contig00881,Unknown,2881,275.34717,-20.97921,9.390416
GBSwaterNew_2087800631_00301_GBSWBa_contig00301,Unknown,2877,289.39379,2.9774136,-26.276453
GBSwaterNew_2087796835_02379_GBSWBa_contig02379,Unknown,2870,-134.32818,69.16392,51.208738
GBSwaterNew_2087804809_02104_GBSWBa_contig02104,Unknown,2867,-169.62771,123.44136,57.946658
GBSwaterNew_2087807095_00081_GBSWBa_contig00081,Unknown,2853,278.04028,-24.65568,7.838929
GBSwaterNew_2087801781_00041_GBSWBa_contig00041,Unknown,2845,294.01582,-39.071788,-34.216035
GBSwaterNew_2087805358_01536_GBSWBa_contig01536,Unknown,2845,346.07741,-10.130512,-39.381888
GBSwaterNew_2087796659_01741_GBSWBa_contig01741,Unknown,2843,-325.69677,75.39721,-65.425416
GBSwaterNew_2087796735_02376_GBSWBa_contig02376,Unknown,2822,-188.85727,114.15642,63.235949
GBSwaterNew_2087806995_00078_GBSWBa_contig00078,Unknown,2811,231.06041,23.476194,-36.095857
GBSwaterNew_2087796760_02377_GBSWBa_contig02377,Unknown,2804,-315.55258,-50.56499,-22.184694
GBSwaterNew_2087805581_00482_GBSWBa_contig00482,Unknown,2798,214.34504,-24.915681,-32.479335
GBSwaterNew_2087796710_02375_GBSWBa_contig02375,Unknown,2796,-90.02497,-179.02045,-27.242432
GBSwaterNew_2087799832_00541_GBSWBa_contig00541,Unknown,2787,393.9285,-25.719687,27.355706
GBSwaterNew_2087796906_00165_GBSWBa_contig00165,Unknown,2783,379.56737,-19.982788,19.452776
GBSwaterNew_2087798131_00210_GBSWBa_contig00210,Unknown,2779,278.60749,-39.895471,-24.933048
GBSwaterNew_2087802932_00892_GBSWBa_contig00892,Unknown,2755,276.70111,18.371451,-65.615907
GBSwaterNew_2087801008_01367_GBSWBa_contig01367,Unknown,2750,304.1052,8.932245,34.126953
GBSwaterNew_2087806720_00068_GBSWBa_contig00068,Unknown,2738,301.98469,-79.83829,-5.46889
GBSwaterNew_2087807596_00605_GBSWBa_contig00605,Unknown,2732,300.38617,-40.485592,-32.868297
GBSwaterNew_2087805132_00980_GBSWBa_contig00980,Unknown,2728,286.72434,-48.371372,-15.856064
GBSwaterNew_2087806056_00499_GBSWBa_contig00499,Unknown,2728,323.36185,-30.38938,-28.974589
GBSwaterNew_2087795481_00113_GBSWBa_contig00113,Unknown,2717,329.2541,-30.435461,-29.745023
GBSwaterNew_2087797731_00195_GBSWBa_contig00195,Unknown,2710,304.22469,-22.563611,7.773143
GBSwaterNew_2087800608_01354_GBSWBa_contig01354,Unknown,2706,324.63858,11.991056,14.376362
GBSwaterNew_2087807471_00601_GBSWBa_contig00601,Unknown,2706,201.9535,-14.352415,4.8860917
GBSwaterNew_2087797781_00197_GBSWBa_contig00197,Unknown,2698,252.08078,-40.590095,-0.66046918
GBSwaterNew_2087796885_02381_GBSWBa_contig02381,Unknown,2695,-160.93721,99.94663,24.78875
GBSwaterNew_2087796560_02369_GBSWBa_contig02369,Unknown,2693,-288.55883,110.03993,13.724067
GBSwaterNew_2087796307_00647_GBSWBa_contig00647,Unknown,2686,194.93698,-45.340953,-24.219272
GBSwaterNew_2087807120_00082_GBSWBa_contig00082,Unknown,2683,314.32233,1.6319814,-35.999054
GBSwaterNew_2087806398_00512_GBSWBa_contig00512,Unknown,2680,239.36108,-53.694683,-12.469947
GBSwaterNew_2087801157_00826_GBSWBa_contig00826,Unknown,2678,161.51121,-12.057332,40.085444
GBSwaterNew_2087807524_02308_GBSWBa_contig02308,Unknown,2673,-92.38929,96.06247,84.75243
GBSwaterNew_2087805556_00481_GBSWBa_contig00481,Unknown,2672,237.5226,-48.651246,36.096333
GBSwaterNew_2087798556_00224_GBSWBa_contig00224,Unknown,2664,293.17498,24.250177,-19.736864
GBSwaterNew_2087796910_02382_GBSWBa_contig02382,Unknown,2660,-175.91847,61.266135,47.845399
GBSwaterNew_2087800331_00290_GBSWBa_contig00290,Unknown,2659,238.8722,0.23210705,20.731256
GBSwaterNew_2087804634_02097_GBSWBa_contig02097,Unknown,2657,-308.70077,200.39026,-81.80648
GBSwaterNew_2087795860_02344_GBSWBa_contig02344,Unknown,2655,-122.5658,136.72316,19.523287
GBSwaterNew_2087803057_00897_GBSWBa_contig00897,Unknown,2645,271.94356,-28.908047,-36.175475
GBSwaterNew_2087807020_00008_GBSWBa_contig00008,Unknown,2636,400.01486,-29.690339,-99.1718
GBSwaterNew_2087795506_00114_GBSWBa_contig00114,Unknown,2635,-349.9034,-89.39469,-55.384805
GBSwaterNew_2087799007_00538_GBSWBa_contig00538,Unknown,2628,465.56398,-40.043913,-72.39974
GBSwaterNew_2087806770_00069_GBSWBa_contig00069,Unknown,2627,340.94991,-10.609375,8.039689
GBSwaterNew_2087796356_00145_GBSWBa_contig00145,Unknown,2625,270.64604,-22.146376,4.7384883
GBSwaterNew_2087803856_00419_GBSWBa_contig00419,Unknown,2624,251.53359,-1.405201,10.020227
GBSwaterNew_2087797034_01755_GBSWBa_contig01755,Unknown,2608,241.62117,-57.660197,-35.798322
GBSwaterNew_2087802081_00352_GBSWBa_contig00352,Unknown,2590,232.22521,-14.445858,13.179425
GBSwaterNew_2087798683_01281_GBSWBa_contig01281,Unknown,2580,247.42697,2.0186201,28.537222
GBSwaterNew_2087796533_01198_GBSWBa_contig01198,Unknown,2578,-370.89437,-131.75736,-174.09028
GBSwaterNew_2087807220_00086_GBSWBa_contig00086,Unknown,2576,149.12856,-50.529717,-87.25878
GBSwaterNew_2087806158_01568_GBSWBa_contig01568,Unknown,2568,-377.31827,-86.39806,-87.06369
GBSwaterNew_2087797009_01754_GBSWBa_contig01754,Unknown,2565,-166.58026,98.36855,4.8858019
GBSwaterNew_2087796708_01205_GBSWBa_contig01205,Unknown,2550,-402.23659,-143.39591,-188.29482
GBSwaterNew_2087796257_00645_GBSWBa_contig00645,Unknown,2549,175.5593,-25.969384,-38.109113
GBSwaterNew_2087803657_00919_GBSWBa_contig00919,Unknown,2543,264.2612,-33.797428,-14.374311
GBSwaterNew_2087801358_01381_GBSWBa_contig01381,Unknown,2529,367.76516,-20.112925,-53.34287
GBSwaterNew_2087795656_00120_GBSWBa_contig00120,Unknown,2523,124.39091,-31.438085,-30.377249
GBSwaterNew_2087800332_00795_GBSWBa_contig00795,Unknown,2522,335.67947,-57.253483,-91.21812
GBSwaterNew_2087801557_00840_GBSWBa_contig00840,Unknown,2515,322.2121,-33.408095,24.235645
GBSwaterNew_2087797556_00189_GBSWBa_contig00189,Unknown,2514,271.7519,37.001139,66.538423
GBSwaterNew_2087801281_00323_GBSWBa_contig00323,Unknown,2514,281.83533,-50.053514,-57.519476
GBSwaterNew_2087803407_00910_GBSWBa_contig00910,Unknown,2514,378.72177,-22.69869,-66.91118
GBSwaterNew_2087796960_02384_GBSWBa_contig02384,Unknown,2500,-224.45325,96.69877,-32.953956
GBSwaterNew_2087802283_01419_GBSWBa_contig01419,Unknown,2499,190.0654,-41.437781,-36.538082
GBSwaterNew_2087804556_00051_GBSWBa_contig00051,Unknown,2499,412.10477,-61.033217,-82.69408
GBSwaterNew_2087806375_01034_GBSWBa_contig01034,Unknown,2494,208.90541,7.161266,-66.195479
GBSwaterNew_2087795706_00121_GBSWBa_contig00121,Unknown,2492,361.88012,-25.543238,-88.22317
GBSwaterNew_2087803906_00421_GBSWBa_contig00421,Unknown,2486,304.42153,-18.079691,-58.450385
GBSwaterNew_2087797656_00192_GBSWBa_contig00192,Unknown,2467,372.04671,-41.342063,-44.671466
GBSwaterNew_2087802331_00043_GBSWBa_contig00043,Unknown,2466,327.88973,-33.43396,-62.57062
GBSwaterNew_2087796810_02378_GBSWBa_contig02378,Unknown,2450,-374.45954,-9.507694,-130.97581
GBSwaterNew_2087802106_00353_GBSWBa_contig00353,Unknown,2445,293.27473,-44.342172,23.215542
GBSwaterNew_2087803456_00405_GBSWBa_contig00405,Unknown,2436,330.69141,-21.890435,30.70046
GBSwaterNew_2087807396_00598_GBSWBa_contig00598,Unknown,2418,262.42216,-12.323577,3.7763124
GBSwaterNew_2087807196_00591_GBSWBa_contig00591,Unknown,2417,338.29215,-30.043692,-61.157243
GBSwaterNew_2087798657_00734_GBSWBa_contig00734,Unknown,2412,246.3041,19.063478,-81.33993
GBSwaterNew_2087804881_00456_GBSWBa_contig00456,Unknown,2412,301.10234,-34.322085,4.2295554
GBSwaterNew_2087804208_01491_GBSWBa_contig01491,Unknown,2411,319.07281,-29.574902,2.4928127
GBSwaterNew_2087796382_00650_GBSWBa_contig00650,Unknown,2409,197.14835,-53.54412,-40.140996
GBSwaterNew_2087807597_01142_GBSWBa_contig01142,Unknown,2406,-225.90946,94.15616,-19.966968
GBSwaterNew_2087801331_00325_GBSWBa_contig00325,Unknown,2402,336.64176,-8.108394,-23.304645
GBSwaterNew_2087799108_01298_GBSWBa_contig01298,Unknown,2399,332.72995,-17.153073,-51.112089
GBSwaterNew_2087805956_00495_GBSWBa_contig00495,Unknown,2399,318.34929,-16.40114,-28.799267
GBSwaterNew_2087797806_00198_GBSWBa_contig00198,Unknown,2387,283.01665,-11.637094,-40.512556
GBSwaterNew_2087806106_00501_GBSWBa_contig00501,Unknown,2386,310.53869,-16.357369,-81.3575
GBSwaterNew_2087804856_00455_GBSWBa_contig00455,Unknown,2384,395.03352,-15.794772,-84.57008
GBSwaterNew_2087796860_02380_GBSWBa_contig02380,Unknown,2381,-401.58307,-177.07564,-158.14463
GBSwaterNew_2087807045_00079_GBSWBa_contig00079,Unknown,2360,314.30315,-10.716958,-91.10815
GBSwaterNew_2087800481_00295_GBSWBa_contig00295,Unknown,2353,140.40474,-83.79014,-2.0257076
GBSwaterNew_2087807422_01136_GBSWBa_contig01136,Unknown,2345,-223.07502,113.67006,-39.886126
GBSwaterNew_2087805783_01551_GBSWBa_contig01551,Unknown,2343,409.38996,-23.021138,-43.836674
GBSwaterNew_2087795782_00628_GBSWBa_contig00628,Unknown,2323,303.09034,-50.80985,-15.204805
GBSwaterNew_2087805106_00053_GBSWBa_contig00053,Unknown,2319,348.20422,-5.3837308,37.595509
GBSwaterNew_2087798782_00738_GBSWBa_contig00738,Unknown,2318,309.00968,-75.77423,-30.55997
GBSwaterNew_2087795781_00124_GBSWBa_contig00124,Unknown,2316,235.42029,-51.323524,4.6228763
GBSwaterNew_2087798659_01823_GBSWBa_contig01823,Unknown,2314,251.63075,-35.783804,-20.634439
GBSwaterNew_2087801707_00847_GBSWBa_contig00847,Unknown,2309,384.73169,-86.57635,-69.261297
GBSwaterNew_2087795935_02347_GBSWBa_contig02347,Unknown,2308,-220.11136,181.10162,-12.627923
GBSwaterNew_2087796556_00152_GBSWBa_contig00152,Unknown,2308,346.12823,-64.889636,-107.3044
GBSwaterNew_2087801957_00856_GBSWBa_contig00856,Unknown,2303,275.56788,-15.838928,14.27608
GBSwaterNew_2087802806_00382_GBSWBa_contig00382,Unknown,2287,333.21309,-40.325194,-52.17338
GBSwaterNew_2087796907_00669_GBSWBa_contig00669,Unknown,2286,-324.02153,10.5371,-15.616643
GBSwaterNew_2087796985_02385_GBSWBa_contig02385,Unknown,2278,-357.82453,-75.01809,-60.775526
GBSwaterNew_2087801432_00836_GBSWBa_contig00836,Unknown,2275,358.58515,-64.17278,-61.130797
GBSwaterNew_2087807023_01588_GBSWBa_contig01588,Unknown,2268,203.58401,-8.90078,-39.322255
GBSwaterNew_2087801206_00321_GBSWBa_contig00321,Unknown,2254,194.37432,-52.00265,-6.2454588
GBSwaterNew_2087797210_02393_GBSWBa_contig02393,Unknown,2248,-289.74736,40.004447,-79.31735
GBSwaterNew_2087799006_00031_GBSWBa_contig00031,Unknown,2248,381.67199,-7.594097,-66.036572
GBSwaterNew_2087800306_00289_GBSWBa_contig00289,Unknown,2236,282.67834,-40.651457,-38.797892
GBSwaterNew_2087801231_00039_GBSWBa_contig00039,Unknown,2225,255.63216,-29.39314,66.012758
GBSwaterNew_2087796407_00651_GBSWBa_contig00651,Unknown,2208,374.26074,-39.202065,-1.5761851
GBSwaterNew_2087801906_00346_GBSWBa_contig00346,Unknown,2208,409.18934,-34.616246,-54.024131
GBSwaterNew_2087805756_00488_GBSWBa_contig00488,Unknown,2206,158.06112,-17.155096,-65.791439
GBSwaterNew_2087805981_00496_GBSWBa_contig00496,Unknown,2204,265.85335,12.145882,-34.267499
GBSwaterNew_2087804281_00050_GBSWBa_contig00050,Unknown,2203,202.24099,-36.032549,-40.408375
GBSwaterNew_2087797682_00698_GBSWBa_contig00698,Unknown,2202,279.5905,-30.881522,-8.209411
GBSwaterNew_2087796432_00652_GBSWBa_contig00652,Unknown,2199,251.0032,-48.316975,-78.88216
GBSwaterNew_2087806031_00498_GBSWBa_contig00498,Unknown,2182,143.36889,-13.134709,-24.926251
GBSwaterNew_2087807221_00592_GBSWBa_contig00592,Unknown,2180,140.0392,-114.42172,-52.800433
GBSwaterNew_2087804284_01627_GBSWBa_contig01627,Unknown,2174,211.855,-24.396939,-33.568934
GBSwaterNew_2087802607_00551_GBSWBa_contig00551,Unknown,2169,289.64222,-10.736922,-18.835642
GBSwaterNew_2087803707_00519_GBSWBa_contig00519,Unknown,2167,272.66148,-36.157254,-4.4393958
GBSwaterNew_2087797107_00676_GBSWBa_contig00676,Unknown,2166,292.07948,-52.072839,-45.896025
GBSwaterNew_2087798435_02437_GBSWBa_contig02437,Unknown,2162,410.90805,-96.77703,-198.83752
GBSwaterNew_2087803382_00909_GBSWBa_contig00909,Unknown,2160,415.9911,-32.913818,-40.496267
GBSwaterNew_2087799607_00768_GBSWBa_contig00768,Unknown,2158,226.40583,-25.576285,-53.980976
GBSwaterNew_2087797010_02386_GBSWBa_contig02386,Unknown,2151,-422.919,-153.84481,-128.63438
GBSwaterNew_2087797235_02394_GBSWBa_contig02394,Unknown,2151,-154.87255,148.50752,38.112403
GBSwaterNew_2087807296_00523_GBSWBa_contig00523,Unknown,2147,293.08237,7.377622,-65.691941
GBSwaterNew_2087807621_00606_GBSWBa_contig00606,Unknown,2145,284.16073,-37.84536,19.325292
GBSwaterNew_2087806278_00507_GBSWBa_contig00507,Unknown,2143,197.22178,-26.57221,-14.198205
GBSwaterNew_2087807447_01137_GBSWBa_contig01137,Unknown,2140,-194.50613,61.70297,39.147633
GBSwaterNew_2087802606_00044_GBSWBa_contig00044,Unknown,2135,144.43002,-57.546944,-23.364866
GBSwaterNew_2087806695_00067_GBSWBa_contig00067,Unknown,2130,389.91708,-34.376972,-41.780795
GBSwaterNew_2087807096_00587_GBSWBa_contig00587,Unknown,2130,304.9893,-34.995387,-5.840723
GBSwaterNew_2087799958_01329_GBSWBa_contig01329,Unknown,2120,271.44124,-3.3452419,5.6104398
GBSwaterNew_2087797085_02388_GBSWBa_contig02388,Unknown,2118,-38.101049,-55.390881,-59.278828
GBSwaterNew_2087795757_00627_GBSWBa_contig00627,Unknown,2117,265.69095,-30.715286,-97.5513
GBSwaterNew_2087800107_00542_GBSWBa_contig00542,Unknown,2115,252.15036,-23.367162,-72.29901
GBSwaterNew_2087801506_00040_GBSWBa_contig00040,Unknown,2113,229.75288,-13.027035,-30.947574
GBSwaterNew_2087798682_00735_GBSWBa_contig00735,Unknown,2105,392.67809,-31.61452,-152.53
GBSwaterNew_2087803881_00420_GBSWBa_contig00420,Unknown,2102,363.47689,-33.264168,-25.686773
GBSwaterNew_2087803157_00553_GBSWBa_contig00553,Unknown,2101,170.89597,-29.118425,20.952673
GBSwaterNew_2087797657_00697_GBSWBa_contig00697,Unknown,2087,215.5741,-23.108036,-83.4757
GBSwaterNew_2087806131_00502_GBSWBa_contig00502,Unknown,2087,288.5148,-33.347307,-84.66101
GBSwaterNew_2087806746_00521_GBSWBa_contig00521,Unknown,2087,329.15974,-28.835072,-18.242049
GBSwaterNew_2087796935_02383_GBSWBa_contig02383,Unknown,2082,-144.19608,107.49508,56.079975
GBSwaterNew_2087802707_00884_GBSWBa_contig00884,Unknown,2079,265.34144,-46.420297,18.658367
GBSwaterNew_2087797035_02387_GBSWBa_contig02387,Unknown,2061,-383.1632,-149.48633,-196.9485
GBSwaterNew_2087797732_00700_GBSWBa_contig00700,Unknown,2055,412.6521,-45.503528,-9.953244
GBSwaterNew_2087802634_02015_GBSWBa_contig02015,Unknown,2040,-158.54034,134.57465,28.52493
GBSwaterNew_2087805582_00999_GBSWBa_contig00999,Unknown,2036,-262.18899,29.033802,-44.475662
GBSwaterNew_2087796231_00018_GBSWBa_contig00018,Unknown,2034,-163.21214,116.71296,60.364059
GBSwaterNew_2087797385_02399_GBSWBa_contig02399,Unknown,2034,-195.61129,247.74337,-0.23150372
GBSwaterNew_2087801306_00324_GBSWBa_contig00324,Unknown,2032,55.500809,-9.319226,4.0361279
GBSwaterNew_2087798333_01268_GBSWBa_contig01268,Unknown,2030,215.92697,-29.898925,13.560442
GBSwaterNew_2087797457_00690_GBSWBa_contig00690,Unknown,2022,-482.75577,-112.99652,-175.95585
GBSwaterNew_2087802608_01080_GBSWBa_contig01080,Unknown,2021,304.83719,-26.678155,-68.048981
GBSwaterNew_2087807796_00613_GBSWBa_contig00613,Unknown,2020,187.89407,10.944997,-78.26868
GBSwaterNew_2087797160_02391_GBSWBa_contig02391,Unknown,2019,-185.83579,91.50477,-7.299061
GBSwaterNew_2087797532_00693_GBSWBa_contig00693,Unknown,2017,-292.4075,6.8054567,40.103203
GBSwaterNew_2087805433_01538_GBSWBa_contig01538,Unknown,2017,214.64898,-20.656734,-8.410549
GBSwaterNew_2087796482_00654_GBSWBa_contig00654,Unknown,2012,374.25311,-31.089198,-31.373657
GBSwaterNew_2087797410_02400_GBSWBa_contig02400,Unknown,2011,-220.70153,1.7366384,-63.267456
GBSwaterNew_2087798306_00215_GBSWBa_contig00215,Unknown,2009,432.64816,-34.969459,-11.535321
GBSwaterNew_2087797883_01059_GBSWBa_contig01059,Unknown,2008,251.42187,-9.274636,-34.619095
GBSwaterNew_2087802056_00042_GBSWBa_contig00042,Unknown,2007,368.49379,-22.555533,-11.730726
GBSwaterNew_2087800156_00283_GBSWBa_contig00283,Unknown,2004,351.15353,-48.256999,-132.99559
GBSwaterNew_2087807021_00522_GBSWBa_contig00522,Unknown,2003,283.85182,-55.999146,-22.481928
GBSwaterNew_2087803457_00911_GBSWBa_contig00911,Unknown,2002,237.61577,-55.380024,-45.833263
GBSwaterNew_2087800183_01337_GBSWBa_contig01337,Unknown,2001,246.5624,-63.465395,-49.427994
